,t,x,y
0,0.0,0.9972682607761761,2.9967832135005916
1,0.1,0.7062267222323064,2.558002255355755
2,0.2,0.5660532367501145,2.303723262724128
3,0.30000000000000004,0.4556042003328994,2.1450442919392225
4,0.4,0.3954644685282993,2.032542547422535
5,0.5,0.336343285565763,1.9558048755173412
6,0.6000000000000001,0.2972149395776702,1.9108210519127233
7,0.7000000000000001,0.2635855581039894,1.8684312113395838
8,0.8,0.24024786449557564,1.8551205909249948
9,0.9,0.2204143823911679,1.8475765475842636
10,1.0,0.20121277234203766,1.8267213806072724
11,1.1,0.1816601009087009,1.8340579656742302
12,1.2000000000000002,0.16625653385791722,1.8284741958271802
13,1.3,0.1295024479529856,1.8309733254323837
14,1.4000000000000001,0.14588768295877189,1.8326553520633833
15,1.5,0.12458136483700892,1.818708712882605
16,1.6,0.1147243709270241,1.8365074621877582
17,1.7000000000000002,0.11376332879072995,1.850833425835869
18,1.8,0.09708681830334445,1.8428305034933992
19,1.9000000000000001,0.11770877611579743,1.8617456242454142
20,2.0,0.09092402942495396,1.8766546878460029
21,2.1,0.10383619166790942,1.8693222956230033
22,2.2,0.06714213469313071,1.8965433314098892
23,2.3000000000000003,0.06393204767085682,1.8937068552216993
24,2.4000000000000004,0.06756963474732086,1.8796666635438197
25,2.5,0.08351444878415404,1.8945828067685277
26,2.6,0.07060777208017746,1.9087731806701156
27,2.7,0.054318819302156485,1.9229411813967283
28,2.8000000000000003,0.06084624370616606,1.9229960379214315
29,2.9000000000000004,0.04429400027665952,1.9198958377232291
30,3.0,0.04418579559027184,1.9359141167008345
31,3.1,0.024204891703281363,1.9441224387120568
32,3.2,0.0426182834472586,1.9326632863263398
33,3.3000000000000003,0.020056516900913694,1.9620517501506414
34,3.4000000000000004,0.011485225099617344,1.9374259993775478
35,3.5,0.02339396256771187,1.945205489841692
36,3.6,0.022396775175751154,1.9523297498534191
37,3.7,0.013547818258799822,1.9788812460802303
38,3.8000000000000003,0.01349047061833317,1.9711020781867465
39,3.9000000000000004,0.005123469122610625,1.9573661566564842
40,4.0,-8.873775874725098e-05,1.9743344984666213
41,4.1000000000000005,0.020929714659773776,1.9679508020516274
42,4.2,0.012504828811984572,1.985363689726673
43,4.3,0.0011780387201729761,1.981099433000125
44,4.4,0.019973682352396306,1.9673733058694447
45,4.5,0.00758392676288937,1.9853831059694156
46,4.6000000000000005,0.024580168891929734,1.9947081462249137
47,4.7,0.005546467265251541,1.9931343679695792
48,4.800000000000001,0.019977873495324455,1.968233371705429
49,4.9,0.008747653755968898,1.9931039147714078
50,5.0,0.007505153175175108,1.9875508529965709
51,5.1000000000000005,0.005478465241595991,1.979740423624979
52,5.2,0.0055825119188787665,1.9983287554910165
53,5.300000000000001,-0.001702840981672395,1.982506729143389
54,5.4,-0.00713254121015368,1.989291896947306
55,5.5,0.01641630593815228,2.0007717256540607
56,5.6000000000000005,-0.005863511167312514,1.9905962344009143
57,5.7,0.0011004535711312956,1.9901598045465634
58,5.800000000000001,0.014367157915333797,1.9983429382882467
59,5.9,-0.00889468535467795,1.9899638044550652
60,6.0,0.006285505073439149,2.005489928884175
61,6.1000000000000005,0.00957804573764708,2.001773560554489
62,6.2,0.010011538559835605,1.9988809943558992
63,6.300000000000001,0.0072297557581918505,1.9982842149832758
64,6.4,0.024344668676317842,2.009977169976598
65,6.5,-0.00881788283683563,1.9874922095938565
66,6.6000000000000005,-0.006498991567642096,1.9800983209666985
67,6.7,0.02055202865158107,1.9983076162178601
68,6.800000000000001,0.009328346458789239,1.9860219266903865
69,6.9,0.014274346712851486,1.9986254654933453
70,7.0,-0.007093512324580747,1.989328523623751
71,7.1000000000000005,-0.005048173354026214,1.987434138146863
72,7.2,0.005226366510325497,1.9988243992650168
73,7.300000000000001,0.005891479591937822,2.005374079743287
74,7.4,-0.016081117756885876,2.0095365703746513
75,7.5,0.0028115253172070346,1.9832694045696844
76,7.6000000000000005,0.009164750479834092,1.987247098969534
77,7.7,-0.005046014645839208,1.9875144201856942
78,7.800000000000001,-0.018383151130976435,1.9990741146489528
79,7.9,0.02021329315593309,2.0044633409753057
80,8.0,0.0053669709567632775,1.9932500768243633
81,8.1,-0.014090799387598083,2.0010459695184504
82,8.200000000000001,0.0022891029810328386,1.9988623776910464
83,8.3,-0.005187333673281685,2.0033368760327557
84,8.4,0.0103078971283507,1.9947584813946655
85,8.5,-0.0011175990062634081,2.0097775523811916
86,8.6,0.0043485910615863755,2.0011961983652404
87,8.700000000000001,0.00899049283584507,2.000343573278371
88,8.8,0.012696036209522038,2.0091114100322027
89,8.9,-0.0016665196839854585,2.005898049412337
90,9.0,-0.012418143789543092,1.997409985936148
91,9.1,0.013858355769714692,1.9959147116212703
92,9.200000000000001,0.0058980628682236535,2.0038722634312967
93,9.3,-0.005195959374117282,1.9979632798578146
94,9.4,-0.012031005743125154,2.001169808892106
95,9.5,0.009959002633366736,2.001012589988389
96,9.600000000000001,-0.0019512050896578327,2.0135103503532243
97,9.700000000000001,0.009725418145593844,2.0051179153716685
98,9.8,-0.010436578343916631,2.010203407218592
99,9.9,-0.004538550598535991,1.9947564107576168
100,10.0,-0.006235716667609471,1.9865671656460773
101,10.100000000000001,-0.010403248176942832,1.9965418157142987
102,10.200000000000001,-0.012044280276410071,2.0001658275305703
103,10.3,-0.008976446158394508,1.9992429445677304
104,10.4,0.0022991418952153556,2.014819317448342
105,10.5,-0.00884556627752105,2.017933589212417
106,10.600000000000001,-0.002347254290909925,1.9985554251920143
107,10.700000000000001,-0.0058330389734801945,1.9919357421259805
108,10.8,-0.005302023091713199,1.9911774128008537
109,10.9,-0.0017105860421441057,1.9935871351972445
110,11.0,-0.001247676691138672,2.0105488648166836
111,11.100000000000001,-0.001387630838771128,2.011838005007457
112,11.200000000000001,0.00986360433780784,1.9928781377067757
113,11.3,-0.022484041853002547,2.007711430159025
114,11.4,-0.003884945080625869,1.998716350514766
115,11.5,-0.0004873286032016994,2.0078648624297455
116,11.600000000000001,-0.008811035582189385,2.0053450938749102
117,11.700000000000001,0.016490598313504443,1.9934822433710864
118,11.8,-0.01026458040560927,2.01329126906083
119,11.9,-0.015157673607035667,1.9903585214173027
120,12.0,0.04216390958402481,2.0099887339333136
121,12.100000000000001,-0.0008005542417786871,1.996738858159512
122,12.200000000000001,0.004097820888530512,2.000360569444932
123,12.3,-0.017068798569963396,1.9902350054462745
124,12.4,0.009326852699328729,1.993295087999099
125,12.5,0.012980054725052752,1.9967277385611515
126,12.600000000000001,-0.0048190955494191974,2.004402322523211
127,12.700000000000001,-0.004544092912780747,1.986660653168035
128,12.8,-0.004752178844006636,1.9983684575782374
129,12.9,0.0033068895699862777,1.9939415430710459
130,13.0,0.009327199587208972,1.9930305940715216
131,13.100000000000001,-0.009200880464034417,2.0178648184596955
132,13.200000000000001,-0.0002799857680169842,1.995818268391365
133,13.3,-0.007829781661886073,1.9892321099462047
134,13.4,-0.006501188232291507,2.0172519827504027
135,13.5,0.0068204526497274804,2.000247097242988
136,13.600000000000001,0.009974474568639934,2.008258279469971
137,13.700000000000001,-0.00036257545189178063,2.0087247361973093
138,13.8,-0.0033832431706492,2.004034558505446
139,13.9,0.008229023855652256,2.0062602377263516
140,14.0,-0.006412882201455123,1.9906306810270347
141,14.100000000000001,-0.005287185158869861,1.9873431863629805
142,14.200000000000001,-0.00766459746276585,1.9996345483224651
143,14.3,0.0054789917580183875,2.000040173571845
144,14.4,0.013366690219936068,1.9877735455611762
145,14.5,0.014136367227106057,2.0035792685579583
146,14.600000000000001,-0.019601532051340232,1.9950334598438526
147,14.700000000000001,-0.01910914103539413,2.002772243032274
148,14.8,0.011090390844148998,2.003298413946945
149,14.9,0.007270239804585285,2.004138579601422
150,15.0,-0.0037403547349845823,1.9972019972804729
151,15.100000000000001,-0.0038069786350684483,2.022493840763556
152,15.200000000000001,-0.0035661836108529577,1.991704575347004
153,15.3,-0.0071599222852870665,2.008035623726293
154,15.4,-0.00644894903898478,2.0114220393649545
155,15.5,-0.005244645828227957,1.9946155175188849
156,15.600000000000001,-0.004072666527133512,2.0022396627911134
157,15.700000000000001,0.01554228384773809,1.992520332207383
158,15.8,-0.013660849661562995,1.9995004066809203
159,15.9,-0.0054667424820714645,1.9932588918606335
160,16.0,0.013895643064376304,1.9955034972903605
161,16.1,0.008135131309477036,1.992755594282223
162,16.2,0.008948076803092345,2.0023234094029707
163,16.3,-0.0001294787327785659,2.0075252606060547
164,16.400000000000002,-0.008826576188760002,2.0148946427099146
165,16.5,0.023132868842990418,1.9910855204840445
166,16.6,-0.010407855518462863,1.999130208846376
167,16.7,0.0008422828165344265,1.9956039933495024
168,16.8,0.0052944208702342946,2.0127320606394554
169,16.900000000000002,0.015265326232536467,1.9896199615567436
170,17.0,-0.0034763301123464027,2.009039085265975
171,17.1,0.013444606935736058,2.0019808789094724
172,17.2,-0.0170737038847859,1.9943577670650325
173,17.3,-0.0021281681947709357,2.00832229607966
174,17.400000000000002,-0.016038415571633956,2.005017961671351
175,17.5,-0.008107608221860518,2.0085176370986733
176,17.6,-0.005270253080490928,1.9978065311498396
177,17.7,0.010080094672235538,1.9904151849954583
178,17.8,0.014791717924165466,2.005001233392303
179,17.900000000000002,-0.012857906912993045,2.0058348664783643
180,18.0,-0.005662149589489201,2.003857775668297
181,18.1,-0.022382217836301007,2.003142188847377
182,18.2,-0.004213042556185223,1.9957213001610923
183,18.3,-0.0005870420877180222,1.9891652494841034
184,18.400000000000002,-0.0004357604578054725,1.9995559347904794
185,18.5,0.002067173548860382,2.0122877181626655
186,18.6,5.009190256384784e-05,1.9889607688210647
187,18.7,-0.004050561220355229,1.9854495765497333
188,18.8,-0.00738088954263606,1.9896461095855873
189,18.900000000000002,2.9405545212665986e-05,1.998905028348775
190,19.0,0.002573470755189476,1.9948681016888656
191,19.1,-0.00922366188982176,2.0096483554416715
192,19.200000000000003,-0.008193956770927671,2.005324066559396
193,19.3,3.6122218164820984e-05,2.002467777860042
194,19.400000000000002,-0.0016443287824279337,1.9981777044123312
195,19.5,0.006153663914803608,2.0042641234776126
196,19.6,-0.0023082235192876045,2.005423444674457
197,19.700000000000003,-0.002261392033485657,2.004451999336976
198,19.8,0.0007812139416225839,2.013449381249547
199,19.900000000000002,-0.006645172560298778,2.0077423713818505
200,20.0,0.029571842152264348,2.0049754665495674
201,20.1,-0.02167046042932163,2.0077808127374195
202,20.200000000000003,-0.001915331241909471,2.0091039877086843
203,20.3,0.0018357240003404908,2.0007154568839858
204,20.400000000000002,-0.008333247079346302,2.005375545586841
205,20.5,-0.0002538037741167193,1.998977352354529
206,20.6,0.004681181964151725,1.9915764845779769
207,20.700000000000003,-0.007089151019149427,1.9954598756598048
208,20.8,-0.017907761059807462,2.003469370972129
209,20.900000000000002,0.003025203502443242,1.9971054379775264
210,21.0,-0.0025463020237153173,2.0130854144975374
211,21.1,0.0007673459183678463,2.00318107440224
212,21.200000000000003,0.004534580090148666,1.988157904823008
213,21.3,-0.002480478507747299,1.9945913901549708
214,21.400000000000002,-0.001698231419100628,2.004751301278994
215,21.5,0.004056418173591451,1.9923112518559187
216,21.6,-0.010569178486992622,2.0002002338033753
217,21.700000000000003,0.0013069220650554743,2.0053978749712047
218,21.8,0.006662620526325982,1.9939945454193102
219,21.900000000000002,0.016639245351407633,2.0008385443676686
220,22.0,0.009240656458448978,1.9868498968859736
221,22.1,0.00026388534718732733,2.006791010022196
222,22.200000000000003,0.0036467035844035987,2.0000138711429924
223,22.3,0.007551198551586559,1.9975698972474945
224,22.400000000000002,-0.011483330213425331,1.9943397865260417
225,22.5,0.0019155988731451138,2.007839947282143
226,22.6,0.009995852572598654,2.0010794748734857
227,22.700000000000003,-0.018368664321685053,2.0031441685552713
228,22.8,-0.010162425587399498,1.9881929163592758
229,22.900000000000002,-0.0034206199837046353,1.9991727703590148
230,23.0,-0.0012848564873741968,1.9915255596647394
231,23.1,-0.008279397081620671,1.9926807396886856
232,23.200000000000003,0.012512367924273756,2.0058045382332654
233,23.3,0.006175393144516049,2.0041998763138604
234,23.400000000000002,0.002911547787995572,2.0027645592893024
235,23.5,0.025270162745764557,1.9990001220032083
236,23.6,0.002859680388813792,1.9993839787530643
237,23.700000000000003,0.0025586322041844115,2.0028613760880742
238,23.8,0.0107320112202718,1.996070519229997
239,23.900000000000002,-0.0009460465957305763,1.9818037155452695
240,24.0,-0.01610674785460191,2.008098326664687
241,24.1,0.002259446570868109,1.9922394887269377
242,24.200000000000003,-0.014585766189656272,1.9924806475850305
243,24.3,0.010195979343086992,2.0103189199653295
244,24.400000000000002,-0.00962378092017032,1.9831863004302215
245,24.5,0.0012493605727952458,2.0000208790652056
246,24.6,0.004868071813202003,1.9935898185171608
247,24.700000000000003,0.006694359811006764,2.006572326740619
248,24.8,0.004769828222042185,1.9942334176466405
249,24.900000000000002,-0.0027233644928477962,2.0020496191423964
250,25.0,0.0005491061874988252,1.9934220105527967
251,25.1,-0.004161485746731687,1.9850857681810905
252,25.200000000000003,0.018270699517517582,1.9944776800596222
253,25.3,-0.017797631868988435,2.0032004196361024
254,25.400000000000002,0.00667548750770195,1.994911834093606
255,25.5,0.007021242764819051,2.0121707693574375
256,25.6,0.0006665384689193205,1.9983987094513915
257,25.700000000000003,-0.004679297740560702,1.996221243366096
258,25.8,-0.003304236328058053,2.003228397883026
259,25.900000000000002,-0.0071849416555419005,1.9980277245431748
260,26.0,0.010303369545027932,1.9905138759414172
261,26.1,-0.001960708038620937,1.9970719119689015
262,26.200000000000003,0.0037771845382282773,2.0033855008458916
263,26.3,-0.009139133260403658,2.018495025447197
264,26.400000000000002,0.00620597369611565,2.0036125615114413
265,26.5,-0.011774349583033101,1.9985234878676077
266,26.6,0.008629728700466991,2.008827657233954
267,26.700000000000003,-0.015970584926847622,2.0181176606640503
268,26.8,0.012602472642062199,1.991986705956931
269,26.900000000000002,-0.013973923054988041,1.99069508708397
270,27.0,-0.0009271929315924014,2.007597346088996
271,27.1,-0.0013853384362888888,1.99895829409601
272,27.200000000000003,0.013199160039475561,1.996279552160842
273,27.3,-0.0014304643255588683,1.9922129738693235
274,27.400000000000002,-0.008719983889021232,2.0132209396272875
275,27.5,-0.002086784016123189,1.9968813868282147
276,27.6,-0.001974041352418114,2.0029224997441717
277,27.700000000000003,0.018666063081725158,1.9976585048568896
278,27.8,-0.0025642384761762438,2.0006876661545943
279,27.900000000000002,-0.015031242787084472,2.0073577288556006
280,28.0,-0.006978081608518015,1.995962404301851
281,28.1,0.01672242902303076,2.003100559154885
282,28.200000000000003,-0.010581020404374602,1.9941353036233442
283,28.3,0.00857085234558169,1.9980519200376385
284,28.400000000000002,0.004243628679924601,1.9915913013734705
285,28.5,-0.0029297059302299416,1.9966467046951641
286,28.6,0.0009257642039634243,2.0005090320422
287,28.700000000000003,0.00565548850405981,1.9979291445056726
288,28.8,-0.00026309667983217893,2.0062825204096915
289,28.900000000000002,0.005944900172016077,1.9984469775198577
290,29.0,-0.0027789576239859353,2.0010902498163983
291,29.1,-0.00975800579953302,2.005550339043949
292,29.200000000000003,0.009104307486756965,2.0151350674894206
293,29.3,0.0027427890686147196,1.9882484138455665
294,29.400000000000002,-0.0029181185226244974,2.0158404167308173
295,29.5,-0.011741301030215975,1.9967651530738375
296,29.6,-0.008188746342411126,1.9990046516394262
297,29.700000000000003,-0.008521947404496967,2.0027712570539324
298,29.8,-0.0009077628341730264,1.9960795929526132
299,29.900000000000002,0.0005425112089105107,2.0015478298630414
