Time(Hours),"R.S.6 Propionic Acid, 0.3%","R.S.6 L-Glutamate, 0.3%","R.S.6 D-Glucose, 0.3%","R.S.6 Potasium Sorbate, 0.3%","R.S.6 Lactulose, 0.3%","R.S.6 Glycerol, 0.3%","R.S.6 Myo-Inositol, 0.3%","R.S.6 D-Serine, 0.3%","R.S.6 D-Galactose, 0.3%","R.S.6 Oxalate, 0.2%","R.S.6 Malate, 0.3%","R.S.6 L-Methionine, 0.2%","R.S.6 Glycine, 0.3%","R.S.6 Negative Control, 0%","R.S.6 Quinic Acid, 0.3%","R.S.6 Sodium Succinate, 0.3%","R.S.6 Dulcitol, 0.3%","R.S.6 Alpha-D-Glucose, 0.3%","R.S.6 L-Xylose, 0.3%","R.S.6 L-Aspartate, 0.2%","R.S.6 D-Fructose, 0.3%","R.S.6 L-Valine, 0.2%","R.S.6 Sodium Pyruvate, 0.3%","R.S.6 Lactate, 0.3%","R.S.6 Citrate, 0.3%","R.S.6 D-Mannose, 0.3%","R.S.6 L-Serine, 0.3%","R.S.6 D-Salicin, 0.3%","R.S.6 D-Cellubiose, 0.3%","R.S.6 Adonitol, 0.3%","R.S.6 D-Glucose-6-phosphate, 0.3%","R.S.6 L-Sorbose, 0.3%","R.S.6 D-Arabitol, 0.3%","R.S.6 L-Lysine, 0.3%","R.S.6 D-Trehalose, 0.3%","R.S.6 Acetate, 0.3%","R.S.6 L-Alanine, 0.3%","R.S.6 L-Arabinose, 0.3%","R.S.6 L-Threonine, 0.3%","R.S.6 4 Hydroxy-Phenylacetate, 0.3%","R.S.6 D-Ribose, 0.3%","R.S.6 Alpha-D-Melebiose, 0.3%","R.S.6 D-Alanine, 0.3%","R.S.6 L-Fucose, 0.3%","R.S.6 L-Asparagine, 0.2%","R.S.6 L-Leucine, 0.3%","R.S.6 D-Aspartate, 0.2%","R.S.6 Inosine, 0.3%","R.S.6 Thymidine, 0.3%","R.S.6 Sucrose, 0.3%","R.S.6 D-Xylose, 0.3%","R.S.6 L-Cysteine, 0.3%","R.S.6 Alpha-D-Lactose, 0.3%","R.S.6 D-Raffinose, 0.3%","R.S.6 D-Asparagine, 0.3%","R.S.6 i-Erythritol, 0.3%","R.S.6 D-Cysteine, 0.3%","R.S.6 L-Isoleucine, 0.2%","R.S.6 L-Cysteate, 0.3%","R.S.6 Adenosine, 0.2%","R.S.6 Xylitol, 0.3%","R.S.6 L-Glutamine, 0.3%","R.S.6 L-Rhamnose, 0.3%","R.S.6 Putrescine, 0.3%","R.S.6 2-Deoxy-D-Ribose, 0.3%","R.S.6 L-Arabitol, 0.3%","R.S.6 D-Glucosamine, 0.3%","R.S.6 L-Phenylalanine, 0.3%","R.S.6 D-Glutamate, 0.2%","R.S.6 D-Arabinose, 0.3%","R.S.6 L-Tryptophan, 0.2%","R.S.6 L-Pyro-Glutamate, 0.3%","R.S.6 Negative Control, 0%","R.S.6 Tyramine, 0.2%","R.S.6 Uridine, 0.3%","R.S.6 Inosine, 0.3%","R.S.6 Histamine, 0.3%","R.S.6 L-Pyro-Glutamate, 0.3%","R.S.6 Cytidine, 0.3%","R.S.6 Adenosine, 0.2%","R.S.6 L-Arginine, 0.2%","R.S.6 Thiourea, 0.3%","R.S.6 Biuret, 0.2%","R.S.6 Guanidine, 0.3%","R.S.6 L-Histidine, 0.3%","R.S.6 Thymine, 0.2%","R.S.6 L-Glutathione, 0.2%","R.S.6 Allantoin, 0.2%","R.S.6 Adenine, 0.2%","R.S.6 Glycine, 0.3%","R.S.6 Beta-Phenylethylamine, 0.3%","R.S.6 L-Proline, 0.2%","R.S.6 D-Methionine, 0.2%","R.S.6 Cytosine, 0.2%","R.S.6 D-Valine, 0.2%","R.S.6 N-Acetyl-D-Glucosamine, 0.2%"
0,0.135793,0.123281,0.116569,0.129048,0.117408,0.120929,0.118422,0.1196,0.12389,0.114077,0.117822,0.126355,0.12365,0.125693,0.127802,0.134044,0.128407,0.131381,0.125517,0.125761,0.129443,0.133537,0.12989,0.122065,0.119373,0.127617,0.150738,0.159101,0.153001,0.151876,0.150657,0.156583,0.15684,0.154308,0.135615,0.124813,0.123335,0.120683,0.14656,0.14534,0.15274,0.158481,0.153737,0.159356,0.162619,0.158741,0.140379,0.124926,0.128361,0.118553,0.129419,0.146093,0.141708,0.143612,0.142079,0.14668,0.145278,0.148691,0.123461,0.125423,0.118606,0.119702,0.125638,0.127217,0.127032,0.126748,0.126639,0.128929,0.127909,0.124901,0.124024,0.125361,0.132473,0.123298,0.122848,0.12127,0.122062,0.123373,0.125165,0.125757,0.123716,0.117848,0.120997,0.120287,0.1432,0.133234,0.130196,0.12334,0.129612,0.124566,0.127397,0.136665,0.123097,0.122814,0.120302,0.135384
0.5,0.146048,0.140509,0.142319,0.141141,0.141718,0.123139,0.12699,0.129215,0.12922,0.127384,0.126385,0.12398,0.1375,0.132296,0.143784,0.131452,0.13607,0.137671,0.133715,0.134972,0.132997,0.117946,0.130621,0.117622,0.127295,0.1441,0.139852,0.128683,0.131224,0.132362,0.136954,0.125333,0.127029,0.124335,0.130922,0.119096,0.127984,0.133081,0.129119,0.130997,0.129236,0.126978,0.125605,0.123908,0.130536,0.127165,0.119854,0.128488,0.137797,0.132002,0.127625,0.127411,0.127765,0.129557,0.128018,0.125719,0.128416,0.126035,0.126662,0.129518,0.131983,0.12383,0.121522,0.127684,0.121825,0.126624,0.129125,0.127158,0.127558,0.126683,0.128753,0.12828,0.149633,0.133228,0.139009,0.134189,0.135141,0.137345,0.138175,0.137641,0.132608,0.130799,0.139308,0.12939,0.162222,0.145848,0.145527,0.141822,0.135672,0.132601,0.131093,0.136988,0.137905,0.127726,0.128455,0.145305
1,0.142126,0.144274,0.163062,0.157024,0.143045,0.134579,0.131602,0.137414,0.133896,0.12294,0.125677,0.132892,0.141909,0.138458,0.140348,0.138394,0.137579,0.161742,0.134696,0.132661,0.156974,0.127884,0.13577,0.12897,0.130478,0.16543,0.151241,0.151403,0.156506,0.145751,0.160788,0.136865,0.146117,0.125995,0.154836,0.126742,0.135737,0.140726,0.140253,0.140742,0.146251,0.1383,0.138015,0.136523,0.146298,0.129114,0.127068,0.139544,0.151964,0.163471,0.139477,0.137877,0.144116,0.146251,0.140264,0.13785,0.137391,0.134786,0.125504,0.137242,0.140413,0.141526,0.135467,0.13533,0.135216,0.132556,0.150479,0.126259,0.132714,0.13288,0.141329,0.133792,0.16886,0.141476,0.167571,0.162835,0.147292,0.150393,0.162286,0.152559,0.158965,0.150602,0.158297,0.141593,0.161678,0.152854,0.161778,0.15195,0.148744,0.145971,0.138367,0.144032,0.138605,0.137979,0.130407,0.153614
1.5,0.136362,0.142147,0.171994,0.168919,0.140773,0.148766,0.134815,0.141842,0.151161,0.123455,0.131797,0.127478,0.140738,0.13884,0.138528,0.14018,0.1388,0.177472,0.1362,0.133657,0.165903,0.132333,0.148285,0.136838,0.130521,0.170225,0.156142,0.166,0.171177,0.157522,0.168084,0.137556,0.157569,0.133325,0.167934,0.130659,0.138422,0.15841,0.142402,0.13732,0.155202,0.143705,0.144724,0.141495,0.154209,0.134096,0.129349,0.149729,0.168011,0.1796,0.142115,0.139678,0.153184,0.161562,0.142941,0.142163,0.138128,0.140473,0.127197,0.143554,0.14169,0.150097,0.139979,0.138772,0.140258,0.136356,0.168291,0.130749,0.135965,0.13664,0.143943,0.137175,0.172803,0.14401,0.169982,0.160124,0.156964,0.166126,0.172024,0.170707,0.1634,0.161929,0.165282,0.153294,0.168652,0.155846,0.171727,0.162696,0.158957,0.151848,0.142546,0.148967,0.142889,0.143962,0.129896,0.149584
2,0.133017,0.140242,0.192703,0.18145,0.141654,0.161275,0.137858,0.150022,0.163548,0.123112,0.138739,0.116728,0.139667,0.139331,0.138899,0.141843,0.13967,0.19573,0.136291,0.134007,0.176286,0.133011,0.15827,0.142252,0.132773,0.177105,0.159439,0.173671,0.176886,0.167131,0.193881,0.137604,0.167219,0.136374,0.180862,0.13187,0.141523,0.171649,0.14421,0.136466,0.1617,0.149546,0.147153,0.140636,0.157467,0.137242,0.129056,0.159377,0.182704,0.191739,0.145312,0.141689,0.163629,0.172052,0.142761,0.140877,0.13602,0.144901,0.128994,0.149507,0.142762,0.156229,0.141528,0.139646,0.141467,0.136952,0.174501,0.133489,0.141334,0.138013,0.146001,0.13932,0.174213,0.14541,0.178877,0.162529,0.158484,0.170595,0.19093,0.194531,0.165447,0.159576,0.168813,0.153998,0.172566,0.159514,0.181902,0.175667,0.164184,0.154891,0.145435,0.151797,0.14596,0.150017,0.130409,0.144908
2.5,0.131387,0.140862,0.228086,0.184257,0.142002,0.171463,0.13998,0.156125,0.17976,0.123042,0.142948,0.115394,0.138919,0.139593,0.140572,0.142374,0.139425,0.223946,0.135668,0.134158,0.195412,0.1333,0.17376,0.147763,0.13566,0.190509,0.161831,0.186611,0.19488,0.172535,0.234072,0.135949,0.173444,0.136848,0.204679,0.132851,0.144308,0.186147,0.143832,0.13415,0.169158,0.155638,0.147434,0.13977,0.156218,0.136584,0.128611,0.168307,0.200538,0.221493,0.149195,0.141943,0.170317,0.178606,0.141423,0.138476,0.133133,0.142856,0.130309,0.157845,0.142953,0.164007,0.143999,0.14008,0.140811,0.137325,0.190635,0.135532,0.14574,0.137135,0.147116,0.140854,0.17719,0.146745,0.180008,0.162288,0.158828,0.175393,0.223379,0.232489,0.167495,0.156783,0.169802,0.153088,0.175751,0.162983,0.198114,0.193933,0.168494,0.157507,0.145221,0.153088,0.146995,0.153167,0.131455,0.147776
3,0.129471,0.141517,0.282229,0.185765,0.143071,0.181585,0.142178,0.162952,0.20101,0.122057,0.146814,0.114297,0.138521,0.139876,0.144975,0.143949,0.139321,0.268598,0.135365,0.134154,0.222949,0.131915,0.190856,0.150563,0.139599,0.208263,0.165811,0.205876,0.221802,0.182586,0.297067,0.134666,0.185846,0.135909,0.238215,0.133726,0.144482,0.204666,0.143184,0.135221,0.174974,0.165229,0.148388,0.140908,0.156048,0.134834,0.128175,0.180026,0.219678,0.275893,0.154472,0.142414,0.179758,0.196782,0.141544,0.137317,0.132259,0.140541,0.129692,0.16579,0.141808,0.170425,0.148854,0.141111,0.140816,0.137316,0.218192,0.138367,0.150435,0.13643,0.14648,0.141482,0.180664,0.148438,0.181252,0.162299,0.158775,0.181438,0.278689,0.28028,0.176707,0.158432,0.170382,0.153165,0.178512,0.163272,0.216328,0.215019,0.176585,0.160565,0.144801,0.154749,0.147821,0.158324,0.132286,0.146901
3.5,0.128862,0.14337,0.361204,0.187133,0.144409,0.193017,0.145064,0.170737,0.234721,0.121539,0.151684,0.113806,0.138908,0.140348,0.149687,0.145725,0.140072,0.339058,0.13545,0.134373,0.265818,0.131799,0.220077,0.156331,0.146157,0.231792,0.171624,0.23535,0.255817,0.194292,0.386168,0.134444,0.199499,0.135961,0.29157,0.134623,0.148033,0.2302,0.144625,0.137916,0.184327,0.176462,0.150367,0.144648,0.158125,0.134436,0.127491,0.194249,0.244716,0.360198,0.163447,0.144372,0.194252,0.219018,0.141978,0.13718,0.131626,0.140106,0.128673,0.17523,0.142178,0.179306,0.158155,0.143059,0.141035,0.137328,0.246153,0.141431,0.156534,0.135986,0.147984,0.14148,0.181693,0.148657,0.189858,0.164729,0.160435,0.190617,0.361216,0.34424,0.191562,0.15976,0.174177,0.156063,0.184311,0.164348,0.239406,0.250841,0.189022,0.163989,0.144603,0.158503,0.150083,0.164498,0.133153,0.149709
4,0.1274,0.144841,0.445243,0.192615,0.146381,0.206795,0.149953,0.181318,0.278313,0.120745,0.157473,0.113051,0.136344,0.140039,0.153725,0.146919,0.139913,0.414892,0.135619,0.134391,0.310292,0.132264,0.252035,0.162619,0.151517,0.263103,0.177501,0.275791,0.306896,0.206764,0.480504,0.134316,0.215108,0.136455,0.368909,0.134845,0.150187,0.263214,0.145781,0.144826,0.196079,0.190175,0.152697,0.148984,0.159755,0.134122,0.126981,0.210386,0.260224,0.449469,0.172154,0.145918,0.211285,0.249448,0.142351,0.13722,0.131199,0.140091,0.127848,0.190913,0.142399,0.187516,0.16784,0.145396,0.141749,0.1387,0.280756,0.145057,0.162889,0.136475,0.14911,0.141796,0.180915,0.148834,0.197786,0.165293,0.159355,0.196704,0.444682,0.418585,0.210681,0.159908,0.176422,0.158742,0.194217,0.165975,0.267056,0.302166,0.204707,0.168942,0.144056,0.160548,0.151839,0.169976,0.13288,0.151481
4.5,0.126521,0.145686,0.515832,0.201653,0.148847,0.222946,0.156733,0.194484,0.341392,0.120149,0.163834,0.112792,0.136166,0.139912,0.158989,0.14908,0.139703,0.481028,0.135179,0.135095,0.36161,0.131963,0.276663,0.168055,0.158848,0.311122,0.18457,0.324464,0.365242,0.220356,0.504923,0.133896,0.230605,0.136467,0.442292,0.136141,0.153582,0.308041,0.147045,0.150172,0.206884,0.208368,0.156369,0.153056,0.164077,0.133661,0.126663,0.226038,0.270103,0.499169,0.183219,0.147541,0.228852,0.285907,0.142704,0.137091,0.130794,0.139677,0.127015,0.209022,0.142714,0.194678,0.180665,0.148535,0.141926,0.138732,0.316087,0.147476,0.169929,0.136136,0.149665,0.144161,0.18226,0.149535,0.205173,0.166252,0.162208,0.201867,0.513701,0.482778,0.233674,0.161008,0.177138,0.158691,0.206767,0.167597,0.294531,0.362926,0.222427,0.17498,0.143306,0.162946,0.151667,0.178419,0.133848,0.152722
5,0.125773,0.147885,0.521324,0.213401,0.153521,0.239391,0.165363,0.208468,0.412091,0.119253,0.170437,0.11175,0.13563,0.139867,0.16534,0.15161,0.139572,0.494302,0.13472,0.135308,0.410202,0.131455,0.290998,0.174262,0.166347,0.367399,0.1901,0.374496,0.424797,0.233127,0.514557,0.133489,0.245783,0.136165,0.484512,0.136058,0.157119,0.360211,0.147784,0.154928,0.21782,0.227603,0.161177,0.157152,0.165468,0.132839,0.126145,0.245315,0.27848,0.509968,0.19522,0.148217,0.247388,0.335912,0.142831,0.136875,0.129831,0.138871,0.126918,0.228339,0.141944,0.201835,0.195639,0.151881,0.141721,0.138969,0.351516,0.151393,0.176578,0.135579,0.149732,0.145083,0.184656,0.148743,0.212343,0.168561,0.163902,0.208085,0.555413,0.510393,0.260372,0.163489,0.177431,0.159891,0.224161,0.169776,0.326439,0.415266,0.242095,0.183242,0.142375,0.165569,0.152729,0.187302,0.13664,0.157929
5.5,0.125078,0.150231,0.536613,0.211538,0.156816,0.254762,0.172552,0.221306,0.445765,0.118782,0.177144,0.111034,0.135114,0.140108,0.170119,0.153946,0.139639,0.476153,0.134,0.135021,0.419615,0.131385,0.302898,0.181131,0.175536,0.375084,0.196954,0.363259,0.425697,0.246774,0.492633,0.133051,0.263127,0.135514,0.481099,0.13621,0.161509,0.418895,0.148394,0.160046,0.227025,0.248347,0.163608,0.161348,0.167035,0.131826,0.125765,0.264112,0.290428,0.512508,0.208552,0.149781,0.263993,0.392496,0.143207,0.136841,0.129216,0.138112,0.12633,0.248245,0.142841,0.208557,0.213656,0.157144,0.142059,0.139088,0.372683,0.155491,0.182432,0.135584,0.150485,0.145065,0.185555,0.148099,0.215013,0.17156,0.164771,0.212605,0.550529,0.510902,0.285989,0.163407,0.17862,0.160919,0.243545,0.171264,0.316912,0.42908,0.253246,0.190798,0.141845,0.168442,0.154496,0.194624,0.137148,0.161888
6,0.124673,0.151504,0.555547,0.209484,0.16074,0.268078,0.18189,0.236689,0.441431,0.118656,0.187763,0.110688,0.134651,0.139897,0.175331,0.155583,0.139662,0.50223,0.13382,0.135235,0.419222,0.131352,0.310088,0.189283,0.184071,0.356565,0.2028,0.349258,0.440749,0.25872,0.488051,0.132712,0.281826,0.135254,0.489866,0.138101,0.165022,0.457818,0.148749,0.164044,0.23762,0.275599,0.166428,0.165616,0.169188,0.131611,0.125992,0.280303,0.28173,0.522626,0.222168,0.150117,0.280628,0.460394,0.14302,0.136424,0.128545,0.137872,0.126956,0.267753,0.142536,0.212746,0.234706,0.162389,0.141906,0.139094,0.393221,0.159677,0.190966,0.135513,0.150878,0.146129,0.186587,0.147112,0.20875,0.172163,0.164876,0.215394,0.55298,0.532355,0.314837,0.163335,0.180037,0.162228,0.259633,0.173048,0.339081,0.434315,0.263395,0.198507,0.141415,0.171115,0.156506,0.202497,0.136526,0.167861
6.5,0.124091,0.15379,0.602416,0.216048,0.16631,0.278557,0.189005,0.241999,0.459631,0.11817,0.197459,0.11011,0.134092,0.140078,0.180716,0.157675,0.139696,0.5367,0.133487,0.136764,0.444161,0.131539,0.316094,0.200341,0.194356,0.406854,0.208104,0.364485,0.469844,0.269279,0.519742,0.132065,0.304323,0.13502,0.50218,0.138441,0.169059,0.467576,0.148817,0.167804,0.249172,0.306732,0.17129,0.171347,0.173022,0.131154,0.126439,0.288794,0.270472,0.537022,0.234766,0.150165,0.298435,0.486421,0.142968,0.135813,0.12812,0.13756,0.127273,0.281965,0.142504,0.218347,0.262358,0.168043,0.141351,0.139101,0.432517,0.165916,0.198679,0.135445,0.151673,0.14777,0.189386,0.146751,0.199108,0.172137,0.1669,0.216576,0.558761,0.563493,0.343444,0.163343,0.180247,0.164016,0.277942,0.175391,0.364118,0.430045,0.271498,0.205344,0.141614,0.174707,0.159337,0.214117,0.137559,0.172258
7,0.122904,0.158381,0.636855,0.227528,0.171991,0.291824,0.196774,0.241945,0.499962,0.117851,0.206862,0.109373,0.133869,0.140494,0.186546,0.159017,0.139885,0.558392,0.133069,0.138258,0.463634,0.130889,0.321799,0.211296,0.20403,0.463236,0.214381,0.389489,0.496071,0.28244,0.555126,0.131704,0.327149,0.134705,0.530508,0.139297,0.174386,0.471589,0.14954,0.172555,0.260443,0.35012,0.17477,0.176538,0.177102,0.130753,0.125869,0.306198,0.268296,0.542321,0.247203,0.150779,0.316838,0.50993,0.143325,0.135775,0.12773,0.137161,0.127092,0.299454,0.142367,0.225921,0.298454,0.173586,0.141599,0.140088,0.47714,0.169701,0.207648,0.135528,0.152009,0.148272,0.188673,0.14756,0.191577,0.171798,0.171537,0.21535,0.570106,0.58458,0.373792,0.164526,0.181337,0.165995,0.294775,0.177451,0.373456,0.421878,0.277033,0.21147,0.141878,0.178047,0.160531,0.22559,0.139489,0.178828
7.5,0.12246,0.160319,0.651377,0.238075,0.178378,0.31153,0.205421,0.24545,0.531243,0.117614,0.220237,0.108956,0.133576,0.140901,0.192525,0.160479,0.140109,0.574781,0.132927,0.139346,0.473979,0.131567,0.318415,0.221644,0.216658,0.501419,0.220085,0.410344,0.525166,0.299566,0.573264,0.130802,0.342197,0.134579,0.547937,0.142572,0.179638,0.477986,0.149974,0.177887,0.266798,0.398374,0.177686,0.181375,0.180484,0.130639,0.126564,0.330079,0.277963,0.553652,0.261587,0.152319,0.324344,0.529538,0.143055,0.135576,0.127699,0.137015,0.12714,0.325938,0.142993,0.233628,0.338866,0.178968,0.141876,0.140018,0.497746,0.174491,0.216185,0.135469,0.151682,0.152725,0.191044,0.146765,0.186836,0.171396,0.177288,0.212421,0.58273,0.59704,0.397585,0.166564,0.18382,0.169955,0.308842,0.177697,0.370616,0.442639,0.282124,0.214795,0.142589,0.182104,0.163223,0.237989,0.140417,0.188016
8,0.122927,0.162698,0.664652,0.246637,0.186242,0.344564,0.213153,0.235685,0.568965,0.11743,0.232935,0.108061,0.134178,0.141841,0.199214,0.162827,0.140887,0.598628,0.133055,0.140976,0.492704,0.131465,0.321276,0.231721,0.23042,0.543247,0.229968,0.438811,0.54805,0.321224,0.598642,0.130969,0.361485,0.134762,0.561251,0.145782,0.185307,0.489533,0.150424,0.184257,0.281484,0.433206,0.179675,0.187567,0.183353,0.130584,0.126614,0.364672,0.28777,0.560631,0.275889,0.153356,0.345259,0.557297,0.143111,0.13562,0.127119,0.137148,0.127417,0.349007,0.143647,0.245248,0.363692,0.184009,0.142595,0.140784,0.517553,0.17988,0.225389,0.135321,0.152764,0.154004,0.193225,0.146908,0.186094,0.17126,0.181319,0.210274,0.590521,0.611335,0.419879,0.166689,0.185033,0.174903,0.322854,0.1723,0.385094,0.478093,0.296319,0.218526,0.142649,0.185568,0.16573,0.249749,0.141648,0.19945
8.5,0.123385,0.16395,0.670657,0.245241,0.1934,0.370824,0.218832,0.22859,0.570794,0.117554,0.250341,0.108693,0.134421,0.1421,0.206473,0.165391,0.141095,0.616943,0.132622,0.141034,0.505366,0.131526,0.333174,0.24159,0.244028,0.56246,0.229693,0.459894,0.559128,0.343004,0.62242,0.130565,0.385976,0.134595,0.570475,0.149585,0.191805,0.49616,0.150929,0.188199,0.289639,0.432374,0.18021,0.193873,0.184934,0.129837,0.126892,0.394374,0.298631,0.570487,0.294847,0.154266,0.374567,0.577249,0.142858,0.135302,0.126286,0.136279,0.127553,0.36516,0.143475,0.253687,0.369254,0.187522,0.14196,0.141279,0.523978,0.191032,0.23359,0.134872,0.151471,0.156331,0.194783,0.146382,0.187476,0.171516,0.183216,0.208923,0.597045,0.618514,0.437623,0.165682,0.185971,0.180902,0.333827,0.167267,0.396736,0.508125,0.305756,0.223242,0.142607,0.187288,0.165826,0.259471,0.142345,0.210322
9,0.122961,0.165472,0.686663,0.247008,0.200353,0.407714,0.22961,0.229625,0.586076,0.117846,0.27018,0.107823,0.134105,0.143151,0.215289,0.16777,0.141827,0.631318,0.13255,0.141875,0.519585,0.132212,0.338404,0.254511,0.251837,0.576524,0.225105,0.470975,0.558546,0.369177,0.636427,0.130153,0.417681,0.135223,0.579586,0.156906,0.199564,0.513052,0.15139,0.198072,0.312439,0.442654,0.180925,0.200467,0.186649,0.130119,0.127469,0.418204,0.316313,0.583676,0.301368,0.154986,0.398223,0.593373,0.142388,0.135047,0.126177,0.136646,0.128016,0.379111,0.143557,0.262468,0.384009,0.192815,0.141779,0.141842,0.53013,0.189525,0.241398,0.13511,0.15082,0.157739,0.196982,0.146109,0.192093,0.172963,0.182351,0.20926,0.610731,0.627463,0.452453,0.165367,0.186754,0.186408,0.339472,0.162412,0.408173,0.537698,0.3252,0.229757,0.143354,0.18976,0.167334,0.27831,0.145231,0.227848
9.5,0.123874,0.166281,0.690725,0.248123,0.207354,0.45485,0.238635,0.236987,0.584137,0.118191,0.292238,0.10733,0.134683,0.143696,0.223991,0.170638,0.142612,0.634535,0.132688,0.142382,0.529734,0.132627,0.351515,0.267884,0.263627,0.60972,0.223527,0.480844,0.555083,0.395534,0.641082,0.130008,0.462354,0.13536,0.58661,0.160132,0.203079,0.519847,0.152165,0.208567,0.33852,0.465347,0.181243,0.206071,0.188712,0.1299,0.127837,0.432082,0.332428,0.592357,0.320625,0.155594,0.419786,0.604538,0.142428,0.135201,0.125868,0.136328,0.128246,0.388879,0.144139,0.267719,0.397864,0.19689,0.141394,0.142304,0.529077,0.19448,0.251434,0.134983,0.151038,0.159863,0.19758,0.145482,0.197398,0.175355,0.182234,0.21064,0.626531,0.629477,0.464457,0.166485,0.187494,0.192061,0.348876,0.159188,0.413562,0.556339,0.348682,0.236748,0.144506,0.192781,0.17029,0.295661,0.149448,0.244244
10,0.124538,0.16541,0.696896,0.249308,0.214977,0.492461,0.251751,0.245717,0.603801,0.117961,0.314954,0.107183,0.135096,0.14489,0.233273,0.173863,0.143206,0.646891,0.132204,0.143266,0.543898,0.133044,0.361991,0.286897,0.26051,0.607794,0.227271,0.489848,0.562587,0.43035,0.657857,0.130201,0.5009,0.13588,0.593691,0.165516,0.207601,0.533014,0.151905,0.218961,0.368881,0.495619,0.181781,0.211936,0.190938,0.129678,0.128634,0.445548,0.352441,0.617094,0.334124,0.1563,0.456317,0.620389,0.141928,0.134532,0.125633,0.135883,0.128377,0.39685,0.144446,0.275738,0.411445,0.20165,0.141826,0.143377,0.535089,0.200974,0.269588,0.134687,0.151211,0.16201,0.202052,0.145645,0.206247,0.179642,0.182081,0.213907,0.65293,0.63701,0.474557,0.166577,0.1885,0.19845,0.365717,0.156719,0.420096,0.569233,0.374837,0.245673,0.144995,0.195775,0.172491,0.314088,0.1527,0.263845
10.5,0.125445,0.165647,0.693147,0.251353,0.220469,0.523173,0.265425,0.253789,0.625281,0.117824,0.33702,0.107201,0.135727,0.146111,0.242667,0.177294,0.143863,0.646186,0.132528,0.144254,0.547966,0.132852,0.366212,0.307751,0.28073,0.619072,0.241257,0.489198,0.553441,0.473046,0.65083,0.130725,0.521709,0.135658,0.595394,0.169084,0.214554,0.538314,0.152641,0.22637,0.405323,0.515266,0.18527,0.219313,0.197328,0.129328,0.129147,0.458757,0.363737,0.603607,0.34483,0.156652,0.487386,0.633121,0.14173,0.134381,0.125426,0.136007,0.128932,0.405947,0.144079,0.278708,0.414875,0.205779,0.141652,0.144028,0.536503,0.206839,0.283205,0.134284,0.150875,0.162861,0.205725,0.145143,0.213987,0.183124,0.182853,0.215472,0.659466,0.641127,0.481587,0.167105,0.189226,0.203602,0.379315,0.15422,0.415527,0.571455,0.39106,0.256029,0.145423,0.199648,0.173878,0.333567,0.157621,0.284849
11,0.12557,0.165757,0.69285,0.251202,0.225925,0.541514,0.277196,0.261454,0.642168,0.118539,0.363823,0.107133,0.136523,0.147758,0.241163,0.180582,0.144254,0.64334,0.132292,0.144503,0.55538,0.133365,0.374297,0.330793,0.315967,0.626347,0.253165,0.496568,0.545423,0.522614,0.655177,0.130023,0.537678,0.135855,0.596009,0.17477,0.225187,0.543182,0.152662,0.227304,0.44228,0.526758,0.184247,0.228628,0.204527,0.12936,0.130196,0.466214,0.372452,0.612812,0.368871,0.156446,0.516663,0.643247,0.141418,0.134333,0.125783,0.136162,0.130271,0.412812,0.145112,0.284595,0.425353,0.211437,0.140649,0.143844,0.547978,0.212475,0.294648,0.134473,0.15148,0.164676,0.209308,0.144713,0.220457,0.187124,0.184567,0.216441,0.669347,0.641757,0.487882,0.168003,0.189268,0.20887,0.399741,0.15294,0.412455,0.573523,0.396329,0.269261,0.14568,0.201947,0.172049,0.349287,0.161214,0.316694
11.5,0.12575,0.165299,0.690894,0.25379,0.228878,0.541292,0.297506,0.268825,0.658176,0.11888,0.390734,0.107377,0.137441,0.148881,0.240291,0.18359,0.144518,0.637831,0.132462,0.145712,0.565667,0.133385,0.381342,0.361014,0.349891,0.627592,0.266965,0.492825,0.543069,0.552329,0.656618,0.129656,0.546905,0.135864,0.602899,0.17769,0.237463,0.546177,0.153214,0.230275,0.477007,0.534853,0.180022,0.235429,0.201498,0.129199,0.130462,0.4721,0.379279,0.621799,0.399134,0.157602,0.547335,0.657423,0.14106,0.133687,0.12607,0.135513,0.130677,0.422853,0.146,0.290644,0.423713,0.216301,0.14113,0.144184,0.549348,0.2178,0.309341,0.134033,0.151937,0.164956,0.215068,0.145856,0.226625,0.191279,0.185994,0.217046,0.670184,0.644289,0.493763,0.168141,0.189247,0.212474,0.4311,0.152372,0.410028,0.582743,0.40543,0.285797,0.145607,0.204971,0.170347,0.370955,0.164597,0.339167
12,0.126701,0.163941,0.690435,0.258517,0.225041,0.547309,0.316964,0.272995,0.675048,0.119751,0.416754,0.107676,0.139578,0.1509,0.243202,0.187371,0.144993,0.636372,0.132234,0.146652,0.576978,0.134215,0.383891,0.385935,0.385647,0.637177,0.284265,0.505862,0.555208,0.564111,0.648968,0.129082,0.552821,0.136515,0.610747,0.181998,0.242642,0.546221,0.153362,0.243484,0.50939,0.541163,0.178945,0.243998,0.194159,0.129176,0.131038,0.482054,0.389942,0.631239,0.434166,0.157392,0.575902,0.668461,0.140921,0.133223,0.125883,0.135022,0.131468,0.432509,0.145524,0.298131,0.414646,0.224495,0.141082,0.144993,0.552662,0.22685,0.323088,0.134009,0.151882,0.166936,0.21936,0.146666,0.23178,0.194741,0.186806,0.216991,0.670684,0.648604,0.49888,0.168459,0.188761,0.21787,0.469052,0.152059,0.411654,0.590727,0.417039,0.302456,0.146033,0.207732,0.17114,0.392635,0.16854,0.377489
12.5,0.127068,0.412103,0.676183,0.261079,0.219826,0.560219,0.341693,0.278787,0.693089,0.119921,0.444407,0.108126,0.140578,0.15207,0.253415,0.189059,0.144831,0.626178,0.131606,0.147061,0.582699,0.133737,0.388201,0.397155,0.423744,0.646157,0.301444,0.501466,0.56865,0.576694,0.65004,0.128309,0.558567,0.136345,0.620451,0.185094,0.24179,0.54618,0.153632,0.267616,0.538178,0.547513,0.179617,0.254195,0.193234,0.12881,0.132583,0.489859,0.397001,0.636748,0.466154,0.157356,0.600877,0.677963,0.140285,0.132383,0.125312,0.134465,0.131948,0.437989,0.146421,0.305877,0.418117,0.232943,0.140696,0.144814,0.572928,0.235387,0.341511,0.133619,0.152248,0.169132,0.224552,0.146009,0.236531,0.198589,0.187293,0.217951,0.678669,0.651695,0.506816,0.168656,0.187978,0.220132,0.517569,0.152453,0.414322,0.603713,0.429141,0.316141,0.145893,0.211004,0.171976,0.417161,0.17186,0.421259
13,0.127344,0.550187,0.663382,0.267285,0.211847,0.560992,0.371943,0.283414,0.710846,0.120491,0.472484,0.108103,0.141993,0.153532,0.247175,0.190383,0.145654,0.620522,0.131182,0.147562,0.589007,0.133857,0.392816,0.403456,0.462059,0.637503,0.317322,0.49981,0.573359,0.582865,0.648872,0.128139,0.561802,0.137154,0.62901,0.187313,0.255776,0.542566,0.154331,0.287827,0.557789,0.554589,0.18623,0.258713,0.189696,0.128739,0.132352,0.496009,0.405969,0.628668,0.497909,0.158406,0.618117,0.693256,0.140316,0.132735,0.125998,0.134397,0.131654,0.438119,0.148047,0.317111,0.423451,0.243746,0.140742,0.145059,0.573626,0.241868,0.366944,0.133331,0.152614,0.168922,0.226959,0.147082,0.240623,0.201324,0.184152,0.217436,0.676014,0.654962,0.508886,0.169045,0.187553,0.221712,0.56077,0.154306,0.416934,0.601712,0.437354,0.318028,0.146248,0.21376,0.17286,0.44181,0.171864,0.466941
13.5,0.12808,0.488869,0.649914,0.265996,0.212001,0.571003,0.402229,0.283807,0.732425,0.120985,0.499375,0.108469,0.144152,0.154855,0.24567,0.194815,0.145821,0.621345,0.130836,0.147918,0.59117,0.134288,0.394165,0.411875,0.49258,0.648674,0.330496,0.502065,0.579194,0.586231,0.643906,0.128484,0.565734,0.137469,0.631313,0.192191,0.281949,0.548198,0.15466,0.302704,0.570926,0.560405,0.195996,0.261675,0.195043,0.128522,0.132457,0.502515,0.396872,0.637288,0.53177,0.159016,0.625103,0.70557,0.140359,0.132487,0.125912,0.134463,0.131877,0.437892,0.148753,0.324703,0.435394,0.25281,0.141107,0.145123,0.566922,0.251356,0.394756,0.133047,0.154157,0.170507,0.229181,0.148061,0.242567,0.203735,0.183399,0.216216,0.678817,0.654255,0.512431,0.169354,0.186789,0.22607,0.605676,0.156541,0.416802,0.601385,0.443546,0.322442,0.14625,0.218433,0.172918,0.45672,0.174732,0.507646
14,0.129472,0.429567,0.636443,0.2657,0.214962,0.577085,0.432408,0.284813,0.747034,0.120777,0.519819,0.107724,0.145575,0.156987,0.267276,0.197335,0.146504,0.625016,0.130201,0.147865,0.594799,0.133865,0.39623,0.417661,0.522922,0.644624,0.345761,0.505299,0.579706,0.592469,0.646308,0.12826,0.570085,0.137357,0.634652,0.194421,0.310097,0.562781,0.155421,0.316094,0.57501,0.566228,0.205382,0.268302,0.203173,0.127488,0.131365,0.506888,0.431099,0.640716,0.553025,0.159363,0.635576,0.714766,0.140096,0.131977,0.125727,0.133607,0.130448,0.439549,0.150473,0.340803,0.442361,0.261224,0.141492,0.145961,0.580992,0.255942,0.425551,0.132273,0.152691,0.169484,0.233732,0.148108,0.24656,0.206502,0.185418,0.21584,0.668655,0.653771,0.518964,0.169365,0.185123,0.228813,0.657386,0.164905,0.418254,0.616682,0.461144,0.32368,0.146725,0.222118,0.175002,0.473816,0.17431,0.550039
14.5,0.129846,0.374491,0.63163,0.26413,0.221461,0.588182,0.454687,0.284049,0.768919,0.121412,0.535561,0.107759,0.147252,0.158097,0.293184,0.206328,0.146391,0.624421,0.130486,0.149456,0.597771,0.134192,0.398499,0.424191,0.54421,0.650691,0.359522,0.507248,0.580747,0.595234,0.646129,0.128758,0.569205,0.137914,0.636922,0.201013,0.325234,0.569595,0.155716,0.327129,0.579479,0.566391,0.212932,0.278265,0.215313,0.127332,0.131043,0.512176,0.439251,0.641241,0.560779,0.160184,0.640779,0.724605,0.139889,0.131323,0.125842,0.132576,0.129899,0.440465,0.151448,0.349525,0.452575,0.268551,0.140737,0.145573,0.572817,0.260004,0.460215,0.131334,0.152591,0.170836,0.235709,0.147335,0.248937,0.209077,0.185404,0.21512,0.669547,0.652314,0.527946,0.169289,0.183869,0.23111,0.698899,0.171234,0.412417,0.624842,0.478808,0.326134,0.14669,0.225349,0.174861,0.484065,0.174746,0.597771
15,0.129597,0.365218,0.630422,0.26313,0.23057,0.605475,0.473988,0.28493,0.787555,0.121289,0.54917,0.1077,0.148502,0.159804,0.314722,0.213096,0.146737,0.623632,0.130446,0.15099,0.600402,0.134299,0.39796,0.425967,0.561291,0.657202,0.369679,0.516084,0.58463,0.597929,0.647783,0.129809,0.572474,0.138879,0.637593,0.202309,0.33799,0.5742,0.156462,0.336587,0.583178,0.566933,0.220598,0.291747,0.226695,0.127503,0.130832,0.515374,0.446326,0.643833,0.569604,0.160771,0.651095,0.738754,0.142368,0.131596,0.125873,0.13304,0.129878,0.437188,0.152349,0.362008,0.460769,0.275937,0.141122,0.146325,0.580681,0.262385,0.499243,0.131714,0.153365,0.169591,0.237361,0.147621,0.25083,0.211089,0.18654,0.21458,0.674868,0.652853,0.530913,0.169543,0.182679,0.234817,0.731121,0.176711,0.413241,0.629275,0.48608,0.329308,0.147589,0.227819,0.173935,0.493603,0.17854,0.630323
15.5,0.129943,0.350111,0.638196,0.263491,0.241114,0.610072,0.484563,0.288088,0.80346,0.122057,0.560435,0.107653,0.150195,0.160942,0.332978,0.214185,0.146592,0.625741,0.130196,0.151565,0.603156,0.133411,0.401733,0.432134,0.57667,0.650164,0.37762,0.513818,0.585916,0.603018,0.648797,0.13035,0.575579,0.139541,0.639253,0.202002,0.34828,0.575727,0.157751,0.344623,0.587568,0.571047,0.225726,0.307511,0.236209,0.127294,0.130439,0.518879,0.449934,0.640925,0.570572,0.161539,0.653769,0.749826,0.141738,0.131184,0.12548,0.132821,0.129716,0.437782,0.153271,0.369707,0.467663,0.283679,0.140844,0.146762,0.580304,0.264946,0.531204,0.131071,0.153099,0.168986,0.239878,0.149096,0.252664,0.213189,0.187349,0.214465,0.665207,0.652966,0.536071,0.169212,0.181903,0.235389,0.761676,0.180569,0.409861,0.644434,0.489125,0.329604,0.148499,0.232184,0.173307,0.503861,0.179507,0.664614
16,0.129716,0.341728,0.63837,0.269085,0.250654,0.627147,0.493511,0.291902,0.821442,0.122304,0.566383,0.108424,0.151289,0.162194,0.340658,0.205401,0.146525,0.624559,0.130132,0.152815,0.605596,0.134297,0.406739,0.438272,0.588857,0.654271,0.383435,0.514204,0.593524,0.610215,0.650907,0.131189,0.579086,0.140317,0.641507,0.199626,0.357174,0.573832,0.157507,0.351422,0.590307,0.580074,0.229491,0.322952,0.244079,0.126725,0.131382,0.521407,0.449677,0.648208,0.575151,0.16103,0.65866,0.758702,0.141203,0.130852,0.125383,0.132432,0.131208,0.439283,0.153813,0.377197,0.475157,0.291986,0.140681,0.147108,0.583454,0.265443,0.555807,0.131331,0.153863,0.170982,0.241449,0.149214,0.254466,0.214962,0.188794,0.214295,0.665398,0.653662,0.541689,0.16981,0.182084,0.237963,0.785587,0.181351,0.410186,0.642088,0.495543,0.332359,0.14865,0.234214,0.174348,0.51065,0.182199,0.699139
16.5,0.128255,0.329978,0.625799,0.26987,0.258373,0.62469,0.497797,0.296611,0.836437,0.123934,0.573274,0.109321,0.152019,0.162557,0.343737,0.197321,0.146516,0.624564,0.129235,0.154775,0.604171,0.133924,0.410428,0.441364,0.599836,0.652072,0.389927,0.516252,0.588941,0.604347,0.649665,0.131424,0.578852,0.141177,0.639735,0.199917,0.363577,0.575146,0.158409,0.357568,0.593421,0.573375,0.23185,0.337554,0.249226,0.126799,0.132358,0.527902,0.455431,0.642267,0.577748,0.161308,0.661837,0.769572,0.142005,0.130578,0.125346,0.13272,0.132285,0.438998,0.154412,0.385433,0.484881,0.302279,0.140389,0.147013,0.585966,0.267049,0.574101,0.131313,0.154422,0.172496,0.242497,0.150376,0.25603,0.216637,0.189629,0.212836,0.657373,0.650062,0.542493,0.169732,0.181069,0.238393,0.805775,0.18231,0.409432,0.641852,0.497804,0.329359,0.148664,0.237174,0.172828,0.517629,0.182471,0.721739
17,0.126431,0.3129,0.631622,0.270634,0.266468,0.622413,0.502514,0.301087,0.854284,0.124826,0.581005,0.109962,0.151665,0.162728,0.347427,0.188018,0.145793,0.621075,0.129374,0.157737,0.606287,0.134995,0.413563,0.442499,0.608513,0.653568,0.393414,0.51671,0.585228,0.60782,0.650294,0.131843,0.581328,0.14224,0.640767,0.201847,0.368934,0.573927,0.157449,0.362227,0.596446,0.590421,0.238205,0.340604,0.255743,0.127059,0.133512,0.525797,0.454491,0.643376,0.581353,0.161512,0.665992,0.782807,0.142655,0.130494,0.125163,0.133018,0.134386,0.438282,0.154866,0.391703,0.487156,0.311336,0.140242,0.147819,0.582771,0.268454,0.590511,0.131998,0.155847,0.174276,0.242389,0.151204,0.256874,0.217927,0.1907,0.211946,0.654533,0.648533,0.546522,0.169929,0.181097,0.239367,0.823709,0.181233,0.407459,0.640699,0.498692,0.327947,0.149463,0.239254,0.170957,0.527848,0.187165,0.738974
17.5,0.123668,0.294755,0.635357,0.274817,0.270213,0.632649,0.503981,0.304327,0.866931,0.124147,0.583873,0.11092,0.150837,0.161779,0.350881,0.183941,0.144423,0.623262,0.128613,0.157445,0.607849,0.134598,0.418363,0.444479,0.616249,0.656735,0.396131,0.520877,0.592949,0.609969,0.652082,0.132807,0.586371,0.1436,0.643252,0.207359,0.372821,0.577271,0.156545,0.367565,0.602383,0.587837,0.254098,0.343787,0.259592,0.127548,0.134948,0.530951,0.453421,0.644481,0.585098,0.16029,0.66954,0.786319,0.142355,0.130206,0.125008,0.133533,0.13667,0.439175,0.154251,0.398736,0.499587,0.319059,0.139634,0.147423,0.587736,0.275487,0.601501,0.132481,0.157084,0.1766,0.242902,0.153171,0.258965,0.220348,0.191823,0.210729,0.65838,0.651324,0.5507,0.170416,0.180828,0.241392,0.841273,0.183278,0.40879,0.64368,0.498845,0.332188,0.150494,0.241968,0.170945,0.53637,0.191021,0.749383
18,0.121011,0.276038,0.617115,0.274505,0.273262,0.636807,0.504604,0.302655,0.872013,0.123744,0.581995,0.111016,0.149373,0.160501,0.352207,0.179727,0.143105,0.619788,0.127437,0.154906,0.606742,0.133115,0.423297,0.448866,0.624019,0.653841,0.387534,0.515917,0.586888,0.6097,0.648268,0.133211,0.584837,0.143779,0.641689,0.213937,0.373517,0.570266,0.154729,0.369186,0.600566,0.580798,0.265956,0.346946,0.262245,0.127285,0.13598,0.528328,0.439685,0.644027,0.584161,0.159118,0.669998,0.790144,0.139431,0.129682,0.124153,0.132889,0.138125,0.441248,0.154504,0.405071,0.494732,0.309037,0.138781,0.14702,0.596067,0.271798,0.609731,0.132304,0.157134,0.182415,0.241005,0.153747,0.258517,0.220261,0.191229,0.208367,0.652342,0.641185,0.551104,0.170245,0.181176,0.241404,0.854945,0.17998,0.398149,0.63993,0.497291,0.331338,0.150043,0.242091,0.16813,0.546133,0.193923,0.754784
18.5,0.119799,0.262139,0.621015,0.276972,0.27903,0.640972,0.507106,0.305839,0.88716,0.124887,0.580791,0.111708,0.148353,0.160143,0.355278,0.178415,0.143016,0.623905,0.127596,0.150918,0.611645,0.134285,0.423068,0.447557,0.633769,0.65785,0.39495,0.522041,0.591098,0.61431,0.654083,0.133522,0.586899,0.145566,0.642594,0.222297,0.377358,0.577206,0.154175,0.373022,0.605244,0.587197,0.279731,0.348573,0.264935,0.12732,0.137198,0.530472,0.447216,0.648913,0.587877,0.158728,0.673573,0.7959,0.139918,0.130076,0.124557,0.134191,0.139299,0.439678,0.154743,0.414869,0.517851,0.294218,0.139454,0.147556,0.593904,0.284144,0.613596,0.134454,0.158533,0.184162,0.241868,0.157551,0.259861,0.22163,0.192899,0.207158,0.657549,0.648563,0.55548,0.170865,0.181332,0.242796,0.869807,0.18344,0.40902,0.649514,0.508264,0.338583,0.151309,0.243803,0.168807,0.551446,0.193948,0.768558
19,0.120589,0.251955,0.628553,0.275595,0.286523,0.64553,0.512051,0.30958,0.891732,0.125079,0.579529,0.113412,0.149703,0.161283,0.356786,0.182689,0.143276,0.623138,0.127761,0.146339,0.609033,0.134024,0.423818,0.450509,0.642707,0.657236,0.395772,0.523046,0.5898,0.613985,0.652759,0.134467,0.587592,0.144929,0.643741,0.226993,0.380408,0.576412,0.154205,0.375826,0.605748,0.594329,0.284974,0.352376,0.268908,0.127851,0.136503,0.532109,0.44792,0.647854,0.588228,0.158487,0.675662,0.803394,0.139868,0.1304,0.124515,0.133882,0.138446,0.440138,0.155592,0.423829,0.518404,0.284292,0.139128,0.147568,0.588363,0.286211,0.619082,0.134477,0.156337,0.192057,0.241091,0.159917,0.260139,0.222666,0.193641,0.20645,0.650914,0.645213,0.554908,0.17038,0.180035,0.241105,0.883593,0.184791,0.404082,0.643388,0.501735,0.344513,0.15241,0.24463,0.167532,0.556198,0.192868,0.781602
19.5,0.119978,0.247833,0.633594,0.279789,0.292378,0.651233,0.514879,0.311134,0.902383,0.125272,0.579429,0.11402,0.149088,0.160887,0.358434,0.188415,0.142646,0.628245,0.127565,0.143697,0.614946,0.133358,0.426413,0.453551,0.647334,0.661347,0.395195,0.525311,0.594409,0.616276,0.654276,0.134521,0.590676,0.144909,0.64467,0.230589,0.383007,0.577494,0.155714,0.378754,0.609789,0.598825,0.291837,0.356524,0.267736,0.128494,0.136797,0.540023,0.442609,0.648365,0.592708,0.158731,0.67881,0.801611,0.13949,0.129838,0.124004,0.132995,0.138991,0.439351,0.155281,0.432,0.538343,0.28634,0.139222,0.14705,0.599439,0.290877,0.624582,0.133712,0.15534,0.193897,0.240865,0.164773,0.260389,0.223883,0.194025,0.204701,0.657377,0.646823,0.557518,0.16996,0.179627,0.240797,0.895752,0.185543,0.408399,0.652583,0.505413,0.351858,0.153976,0.246318,0.168266,0.568957,0.192767,0.798343
20,0.120374,0.248175,0.637165,0.281458,0.299241,0.649127,0.518779,0.31488,0.906693,0.125955,0.579266,0.114433,0.148833,0.161298,0.359653,0.194906,0.143008,0.631255,0.127706,0.142895,0.619146,0.133197,0.430031,0.46122,0.652819,0.666551,0.398357,0.533518,0.597046,0.621855,0.653825,0.133819,0.59398,0.145408,0.647804,0.23255,0.386268,0.582112,0.157801,0.383284,0.611227,0.598326,0.299449,0.360408,0.274402,0.128304,0.136867,0.535444,0.43948,0.65676,0.596993,0.159427,0.682264,0.80763,0.139646,0.130369,0.123879,0.133094,0.138379,0.439427,0.156527,0.443724,0.542607,0.300852,0.139968,0.147115,0.591501,0.295296,0.631308,0.133426,0.15463,0.199298,0.241131,0.171336,0.260319,0.224293,0.195508,0.203609,0.649672,0.647517,0.557924,0.170276,0.179203,0.241678,0.907955,0.189123,0.412193,0.648299,0.504435,0.361592,0.15501,0.246089,0.168683,0.573094,0.18957,0.807529
20.5,0.120781,0.245796,0.642213,0.283945,0.302744,0.661665,0.521282,0.317894,0.91698,0.126028,0.580009,0.11455,0.148646,0.162296,0.361935,0.203534,0.144094,0.633902,0.12833,0.141462,0.621057,0.131739,0.431736,0.463613,0.656975,0.667071,0.401903,0.53324,0.601114,0.623801,0.656707,0.133285,0.595333,0.144877,0.649456,0.235422,0.388893,0.58217,0.159014,0.38584,0.614851,0.599139,0.306004,0.366151,0.28129,0.128358,0.13549,0.543321,0.440708,0.651303,0.599613,0.158997,0.683795,0.806681,0.138491,0.130399,0.123501,0.13153,0.136364,0.439832,0.156954,0.452574,0.541708,0.322046,0.139807,0.146741,0.606399,0.301782,0.644193,0.131998,0.148002,0.203553,0.241798,0.177508,0.260614,0.225365,0.196746,0.203512,0.653582,0.645355,0.560927,0.169167,0.177752,0.242254,0.919549,0.190203,0.414251,0.647936,0.514075,0.367442,0.156167,0.246598,0.16975,0.581942,0.184481,0.819071
21,0.120013,0.246537,0.637569,0.283854,0.304259,0.662753,0.52321,0.317615,0.930239,0.124964,0.579131,0.114594,0.147041,0.161811,0.361995,0.211712,0.14553,0.637662,0.128035,0.14082,0.620919,0.132542,0.431188,0.46045,0.656233,0.668249,0.407978,0.531481,0.603089,0.624108,0.658044,0.133309,0.595549,0.145188,0.651032,0.241349,0.3893,0.584608,0.160136,0.388645,0.616739,0.593908,0.310168,0.368199,0.289155,0.129779,0.135921,0.539268,0.44228,0.652782,0.601749,0.159981,0.685359,0.806887,0.138211,0.131267,0.123842,0.132091,0.135779,0.438846,0.156324,0.457803,0.550623,0.34084,0.138771,0.146729,0.605359,0.306552,0.644832,0.132263,0.149389,0.210488,0.24075,0.187127,0.261398,0.22587,0.19706,0.202354,0.661936,0.647683,0.561398,0.169017,0.177477,0.242857,0.931678,0.19329,0.418102,0.64979,0.510024,0.370757,0.157063,0.246072,0.169171,0.593641,0.183377,0.829473
21.5,0.123046,0.253087,0.648174,0.280625,0.308535,0.672412,0.531903,0.321398,0.931057,0.124474,0.579768,0.115747,0.148702,0.162562,0.360699,0.22205,0.148435,0.636088,0.128035,0.140801,0.622481,0.133094,0.431587,0.464633,0.652881,0.666677,0.406945,0.533094,0.600997,0.629049,0.658656,0.133962,0.597296,0.146036,0.650039,0.248939,0.391099,0.582454,0.160629,0.39022,0.621708,0.594164,0.313394,0.368685,0.298248,0.131894,0.136256,0.546122,0.439827,0.648273,0.603047,0.161044,0.68548,0.807949,0.139022,0.134596,0.123967,0.132634,0.135567,0.438177,0.159474,0.460645,0.545588,0.349505,0.14053,0.148643,0.60194,0.311022,0.643928,0.133492,0.147566,0.215999,0.241517,0.195815,0.261154,0.22668,0.197853,0.201498,0.656547,0.642143,0.561953,0.168326,0.176957,0.241693,0.942459,0.193975,0.414603,0.645287,0.508819,0.372024,0.158847,0.246489,0.167852,0.601917,0.179683,0.849162
22,0.122939,0.265578,0.64538,0.280621,0.31691,0.672102,0.535415,0.324349,0.943566,0.124711,0.578352,0.115874,0.149177,0.16351,0.362421,0.235608,0.150652,0.64139,0.128284,0.142239,0.624761,0.131905,0.433424,0.465181,0.652617,0.669033,0.415591,0.536338,0.605953,0.63474,0.660308,0.134174,0.599076,0.145658,0.654584,0.257305,0.393771,0.5851,0.162037,0.39238,0.622867,0.611346,0.318104,0.372274,0.310537,0.131902,0.135503,0.5468,0.443913,0.655605,0.604664,0.161662,0.688275,0.8073,0.139186,0.135777,0.123691,0.131359,0.134109,0.438811,0.159138,0.463218,0.551216,0.358682,0.141337,0.149849,0.596537,0.323673,0.642548,0.133699,0.147667,0.220941,0.241606,0.20406,0.261069,0.227762,0.198396,0.20256,0.680525,0.651957,0.566346,0.167004,0.175766,0.241378,0.9575,0.194935,0.409886,0.651693,0.511552,0.377241,0.160512,0.245956,0.1669,0.609989,0.177674,0.863146
22.5,0.120844,0.281892,0.65546,0.284203,0.318685,0.673081,0.534531,0.323824,0.937045,0.124688,0.577015,0.117774,0.148548,0.163074,0.362571,0.245252,0.151482,0.641154,0.128523,0.142507,0.62403,0.130216,0.433873,0.466311,0.649292,0.670135,0.418978,0.537458,0.606098,0.63176,0.658913,0.132984,0.598839,0.14466,0.653439,0.265454,0.394265,0.585498,0.161369,0.392951,0.624838,0.607777,0.319144,0.374255,0.319257,0.131191,0.135804,0.542645,0.44354,0.650965,0.60571,0.161612,0.690097,0.801911,0.137411,0.135857,0.122818,0.129972,0.133648,0.439497,0.157419,0.464203,0.549355,0.367766,0.140927,0.149589,0.602216,0.330183,0.639527,0.134131,0.151827,0.223555,0.240595,0.2115,0.261973,0.227956,0.199587,0.20361,0.680434,0.643345,0.56604,0.166657,0.174821,0.241199,0.969464,0.199463,0.418404,0.653067,0.517354,0.382959,0.160304,0.244833,0.16645,0.62093,0.175983,0.87921
23,0.119511,0.29557,0.651939,0.282086,0.321429,0.674785,0.538289,0.327718,0.935652,0.124773,0.577674,0.118276,0.147644,0.163218,0.36361,0.254645,0.152512,0.641343,0.128762,0.142821,0.626689,0.130769,0.433805,0.467702,0.648034,0.674568,0.423988,0.538565,0.612052,0.630227,0.659096,0.132546,0.599094,0.145095,0.654858,0.274951,0.394714,0.58519,0.160519,0.393856,0.62595,0.60473,0.320189,0.37576,0.325635,0.131424,0.137049,0.552966,0.437528,0.651521,0.606234,0.160041,0.691302,0.7997,0.136345,0.136606,0.123116,0.130076,0.13437,0.439415,0.15704,0.465399,0.554432,0.372,0.138229,0.149305,0.596881,0.335287,0.636668,0.13531,0.152432,0.227084,0.239541,0.21764,0.259443,0.227563,0.199418,0.204022,0.688565,0.639941,0.567312,0.165857,0.174132,0.240096,0.981386,0.199365,0.410746,0.648127,0.509271,0.381794,0.160818,0.249588,0.164707,0.631116,0.173166,0.893389
23.5,0.118621,0.304646,0.647953,0.281525,0.324632,0.674323,0.539719,0.324943,0.934131,0.123327,0.5775,0.1209,0.144453,0.162782,0.362743,0.264687,0.153682,0.641931,0.129294,0.144573,0.627705,0.1302,0.435411,0.468445,0.644406,0.674165,0.42748,0.539749,0.608571,0.631147,0.659913,0.132841,0.600372,0.145197,0.65425,0.280676,0.394052,0.587475,0.159306,0.394967,0.630383,0.606486,0.322992,0.374955,0.33508,0.131343,0.139161,0.548148,0.438594,0.65357,0.608206,0.159013,0.692827,0.797306,0.135965,0.137666,0.122848,0.129598,0.13444,0.439362,0.155014,0.465243,0.551337,0.378555,0.137961,0.14929,0.599467,0.342001,0.634735,0.137232,0.157828,0.228612,0.237738,0.221267,0.257724,0.22849,0.200407,0.204929,0.695147,0.640497,0.568289,0.16587,0.174149,0.239685,0.997702,0.200268,0.413351,0.653652,0.509407,0.380814,0.161956,0.25356,0.162962,0.637922,0.171831,0.903351
24,0.116258,0.306114,0.643033,0.284038,0.330408,0.675571,0.538348,0.320113,0.928741,0.122926,0.575846,0.120217,0.14302,0.161271,0.362724,0.272272,0.15333,0.640449,0.128589,0.144358,0.627626,0.129352,0.43333,0.470336,0.640325,0.675459,0.425961,0.541908,0.604483,0.629156,0.657752,0.131845,0.59929,0.145288,0.653747,0.288721,0.392083,0.584258,0.15781,0.394834,0.629988,0.601099,0.32355,0.380169,0.342148,0.131828,0.142393,0.542315,0.430897,0.649002,0.607628,0.157797,0.694303,0.794777,0.134954,0.138647,0.122671,0.130213,0.136042,0.439812,0.153911,0.465379,0.544518,0.380332,0.136213,0.149224,0.598335,0.347656,0.632862,0.138968,0.15841,0.228298,0.235916,0.221555,0.255314,0.227202,0.199496,0.205802,0.695325,0.639722,0.569748,0.165173,0.174326,0.239489,1.01332,0.20005,0.408678,0.645471,0.506718,0.381313,0.162589,0.254737,0.161231,0.645303,0.173156,0.917825
24.5,0.11611,0.315126,0.653034,0.280511,0.34303,0.679177,0.537946,0.319859,0.922816,0.124384,0.574027,0.11934,0.144447,0.160719,0.36126,0.281389,0.153272,0.639268,0.127729,0.145308,0.625745,0.13046,0.433822,0.47014,0.639944,0.669352,0.42632,0.537473,0.602725,0.630008,0.657137,0.131498,0.598514,0.147157,0.653046,0.299828,0.392008,0.583528,0.15609,0.394125,0.626771,0.611226,0.323495,0.378011,0.349484,0.132961,0.146099,0.547675,0.426215,0.648754,0.608882,0.158982,0.693268,0.790297,0.13426,0.139171,0.122465,0.132507,0.139487,0.438855,0.154027,0.466459,0.550753,0.38127,0.135744,0.148575,0.596487,0.352515,0.629987,0.141647,0.164267,0.225739,0.235278,0.222358,0.254036,0.226787,0.199333,0.206965,0.692032,0.636777,0.57041,0.165087,0.174456,0.238353,1.03042,0.201599,0.407861,0.646462,0.50377,0.382428,0.163264,0.255595,0.160211,0.655345,0.171291,0.924828
25,0.117194,0.321277,0.652484,0.279497,0.361971,0.685718,0.542684,0.323444,0.919975,0.122219,0.575822,0.118549,0.145116,0.161967,0.364213,0.292446,0.155565,0.644388,0.128991,0.149139,0.629457,0.130733,0.433592,0.471347,0.637347,0.674124,0.430765,0.539011,0.612057,0.631771,0.663081,0.133006,0.600614,0.1491,0.654076,0.304743,0.392205,0.587063,0.157073,0.39578,0.631812,0.605256,0.325501,0.378769,0.361031,0.134503,0.14702,0.545021,0.425609,0.648454,0.609476,0.159241,0.695433,0.78976,0.135436,0.141585,0.122897,0.135373,0.139426,0.43848,0.15321,0.469055,0.551713,0.385098,0.135799,0.150134,0.610752,0.358347,0.628178,0.144018,0.166272,0.228183,0.233723,0.22618,0.252787,0.226427,0.199586,0.208791,0.699738,0.641874,0.572666,0.164946,0.174416,0.239433,1.02513,0.20158,0.411336,0.650219,0.51353,0.382924,0.164119,0.261721,0.159903,0.661452,0.167709,0.928772
25.5,0.118634,0.323657,0.659883,0.27942,0.377536,0.695534,0.54653,0.329109,0.920811,0.123192,0.577667,0.119798,0.149553,0.164602,0.363904,0.305167,0.158159,0.646492,0.128809,0.152039,0.631931,0.130632,0.436766,0.474774,0.636184,0.676641,0.428154,0.54035,0.605833,0.636143,0.661358,0.132422,0.602836,0.150748,0.655437,0.310842,0.393686,0.584671,0.157863,0.395576,0.633562,0.602813,0.325149,0.380024,0.370312,0.135254,0.148411,0.552522,0.42584,0.650609,0.612606,0.161308,0.694989,0.781756,0.134955,0.141485,0.122639,0.138388,0.140916,0.439128,0.15377,0.470249,0.553259,0.386814,0.136789,0.151342,0.600141,0.362591,0.626571,0.144294,0.168511,0.227354,0.233115,0.228548,0.24953,0.226694,0.199825,0.210428,0.694599,0.635863,0.575015,0.164202,0.17395,0.237117,1.04119,0.202096,0.40709,0.65195,0.509386,0.385655,0.16502,0.253603,0.158518,0.664905,0.164882,0.935891
26,0.1206,0.326406,0.664057,0.279426,0.390504,0.704781,0.551944,0.333529,0.913685,0.125944,0.580859,0.121311,0.1555,0.166877,0.366927,0.324354,0.160967,0.652042,0.129373,0.159221,0.63585,0.132018,0.441223,0.47644,0.635756,0.682507,0.442998,0.543544,0.610413,0.638801,0.663723,0.132422,0.605811,0.1526,0.658226,0.326552,0.399064,0.591861,0.159089,0.39968,0.637374,0.609997,0.328034,0.3799,0.389948,0.136493,0.150029,0.544895,0.429882,0.65378,0.617228,0.164677,0.70141,0.78481,0.135654,0.142205,0.122868,0.141222,0.143675,0.439731,0.155702,0.47401,0.550673,0.394629,0.138821,0.152868,0.602026,0.368907,0.625582,0.145116,0.174291,0.226862,0.232747,0.234687,0.249034,0.226366,0.201075,0.212591,0.699307,0.646052,0.574227,0.163569,0.174295,0.23675,1.0303,0.205163,0.419116,0.652988,0.516261,0.390622,0.167539,0.260659,0.15941,0.673124,0.162505,0.937979
26.5,0.123715,0.333271,0.670075,0.278093,0.405701,0.70415,0.554477,0.337961,0.918618,0.127507,0.583461,0.120929,0.160843,0.170602,0.367245,0.334579,0.16629,0.653295,0.130029,0.169567,0.637477,0.132989,0.443297,0.47771,0.634556,0.681009,0.442289,0.54291,0.60972,0.638952,0.663193,0.132182,0.604909,0.154,0.658641,0.341154,0.402497,0.590078,0.162161,0.400644,0.636877,0.611325,0.328347,0.380402,0.389327,0.13763,0.148397,0.541681,0.429923,0.659343,0.616536,0.167002,0.700207,0.777022,0.135819,0.142582,0.123874,0.142955,0.143175,0.438865,0.158554,0.478206,0.551977,0.395384,0.140152,0.155979,0.59749,0.373458,0.623361,0.144489,0.170475,0.226774,0.233958,0.24027,0.247226,0.226548,0.202545,0.214899,0.697425,0.637894,0.574405,0.163297,0.173504,0.23688,1.04667,0.206782,0.418665,0.650942,0.517595,0.39475,0.170418,0.255437,0.159147,0.677809,0.158615,0.932582
27,0.126076,0.336876,0.676002,0.276285,0.417349,0.708069,0.555856,0.341621,0.910166,0.12831,0.584461,0.120678,0.167026,0.173791,0.367007,0.342593,0.170522,0.656325,0.130344,0.178754,0.638034,0.132887,0.444293,0.479368,0.633788,0.681662,0.445743,0.543244,0.612945,0.638577,0.663795,0.133374,0.604715,0.154412,0.659105,0.348308,0.405387,0.59126,0.164688,0.402074,0.639225,0.617567,0.328241,0.379172,0.401112,0.138028,0.147194,0.546192,0.429838,0.657501,0.61748,0.169236,0.701826,0.774788,0.136391,0.142612,0.123816,0.143584,0.143327,0.438367,0.16013,0.480269,0.55337,0.397781,0.141079,0.15863,0.599333,0.377488,0.620527,0.143884,0.171091,0.227556,0.233964,0.24535,0.247749,0.226849,0.203849,0.217106,0.692282,0.633626,0.572742,0.162442,0.172986,0.235894,1.04893,0.207915,0.417773,0.64158,0.519281,0.395452,0.173625,0.269176,0.159459,0.680991,0.156306,0.945883
27.5,0.127123,0.342607,0.670108,0.275476,0.431269,0.717904,0.562602,0.347484,0.906943,0.128971,0.586091,0.120267,0.172315,0.176039,0.369455,0.34855,0.176984,0.660161,0.131484,0.190024,0.642103,0.133505,0.446862,0.478861,0.633768,0.684258,0.453282,0.545912,0.616092,0.64052,0.669309,0.134247,0.607445,0.155696,0.662158,0.361559,0.408399,0.593056,0.166792,0.403816,0.642726,0.615541,0.328592,0.375281,0.404151,0.139122,0.146436,0.554132,0.432176,0.66804,0.618872,0.170767,0.703026,0.772154,0.136115,0.142759,0.123769,0.144183,0.143284,0.438841,0.161295,0.484039,0.555486,0.40239,0.144298,0.16186,0.604874,0.383827,0.618443,0.143341,0.170263,0.226091,0.234697,0.250788,0.247393,0.227367,0.203812,0.218794,0.686496,0.636483,0.575132,0.161249,0.172025,0.234908,1.03461,0.209716,0.418706,0.647254,0.52053,0.392624,0.175126,0.264961,0.157461,0.689502,0.151678,0.962072
28,0.124861,0.343806,0.663223,0.276732,0.436317,0.719299,0.560733,0.347834,0.907365,0.13027,0.586824,0.12084,0.173557,0.176387,0.367365,0.344988,0.181214,0.658494,0.131427,0.198956,0.641363,0.132762,0.446053,0.480916,0.633352,0.685344,0.443235,0.542785,0.616895,0.644358,0.666002,0.134335,0.608852,0.156591,0.66279,0.373652,0.40859,0.590705,0.167695,0.403608,0.641477,0.611662,0.327596,0.377665,0.443334,0.139477,0.145698,0.555804,0.430289,0.660213,0.620437,0.17157,0.704665,0.770936,0.136351,0.142457,0.12334,0.144121,0.143198,0.437307,0.16035,0.483109,0.5547,0.400564,0.146311,0.165656,0.611924,0.389583,0.61724,0.14311,0.1696,0.225755,0.23454,0.252243,0.248027,0.227484,0.205374,0.220617,0.6968,0.634307,0.576031,0.160181,0.171558,0.235052,1.03827,0.210268,0.414347,0.651741,0.524936,0.395526,0.177324,0.266028,0.156009,0.69407,0.149847,0.951876
28.5,0.123831,0.340863,0.679022,0.276672,0.43943,0.728112,0.561475,0.347879,0.907043,0.129106,0.58633,0.122649,0.169545,0.175238,0.369018,0.355916,0.185384,0.661011,0.131103,0.205569,0.643215,0.132082,0.446185,0.479153,0.632527,0.683745,0.452477,0.543382,0.617033,0.642968,0.667653,0.134183,0.608543,0.156207,0.663978,0.382905,0.407934,0.593233,0.167222,0.403796,0.647274,0.623206,0.327595,0.377304,0.47094,0.139273,0.145145,0.555862,0.431194,0.660361,0.623381,0.171071,0.705692,0.769871,0.13594,0.142076,0.122875,0.143552,0.143344,0.438013,0.160626,0.483798,0.557327,0.405134,0.147746,0.166847,0.607427,0.398431,0.616114,0.142453,0.171018,0.226732,0.234235,0.25367,0.248457,0.227173,0.206276,0.222098,0.704651,0.668932,0.578453,0.159647,0.171119,0.234575,1.04058,0.213148,0.419711,0.661152,0.521306,0.367938,0.178638,0.268745,0.155885,0.703577,0.147953,0.956505
29,0.124389,0.346512,0.671569,0.273778,0.445036,0.723799,0.561307,0.348028,0.906143,0.130747,0.586208,0.121183,0.166081,0.176624,0.370785,0.368945,0.190385,0.659742,0.131298,0.213267,0.64466,0.132517,0.445021,0.48051,0.629731,0.687095,0.453924,0.5452,0.616595,0.644662,0.664633,0.134344,0.607012,0.156572,0.664631,0.390721,0.409635,0.593206,0.167657,0.405094,0.647625,0.619321,0.326921,0.378677,0.499514,0.140732,0.145982,0.549409,0.432445,0.665517,0.621039,0.170143,0.707779,0.76756,0.135304,0.142223,0.122834,0.144717,0.145197,0.43533,0.162045,0.486143,0.555333,0.407168,0.149806,0.167705,0.611643,0.405036,0.614314,0.143106,0.171185,0.226884,0.23394,0.256411,0.248998,0.226882,0.206077,0.222337,0.697038,0.665612,0.57763,0.158698,0.170863,0.234586,1.03898,0.213854,0.415122,0.654116,0.518324,0.385739,0.178068,0.269537,0.152259,0.70772,0.145806,0.957163
29.5,0.122616,0.339635,0.667369,0.274029,0.451645,0.72581,0.560533,0.349216,0.903503,0.129986,0.586432,0.123168,0.458731,0.1761,0.371169,0.3838,0.194341,0.661087,0.130913,0.218194,0.645848,0.131587,0.446639,0.47857,0.630909,0.685297,0.458951,0.545516,0.617979,0.648246,0.668047,0.134441,0.609673,0.155203,0.664619,0.399016,0.40814,0.593078,0.1679,0.405361,0.647847,0.612383,0.326358,0.380028,0.510601,0.139348,0.14412,0.549211,0.428849,0.656951,0.623102,0.170665,0.708878,0.762665,0.135519,0.142134,0.122684,0.143419,0.143994,0.436517,0.162357,0.486132,0.55725,0.408345,0.150818,0.168852,0.602568,0.414064,0.612831,0.142322,0.170245,0.224696,0.233599,0.256414,0.249732,0.227981,0.207489,0.223537,0.696473,0.667829,0.580186,0.15785,0.170005,0.232968,1.04327,0.215508,0.417456,0.659171,0.517727,0.387624,0.18029,0.271055,0.151636,0.713344,0.144012,0.964237
30,0.124463,0.338616,0.678564,0.273864,0.453041,0.734817,0.560784,0.350371,0.900519,0.129535,0.585155,0.124288,0.581798,0.174867,0.372681,0.402947,0.197683,0.662298,0.130247,0.222761,0.645048,0.130763,0.446531,0.477462,0.630061,0.6946,0.468505,0.547034,0.619977,0.644113,0.666461,0.133411,0.60841,0.152257,0.663321,0.40809,0.408718,0.593778,0.166599,0.406269,0.650435,0.617686,0.325026,0.380301,0.5259,0.136458,0.142652,0.549116,0.428301,0.668511,0.625085,0.169286,0.70904,0.76448,0.134017,0.140753,0.12202,0.141933,0.14322,0.435609,0.162686,0.486024,0.556895,0.413165,0.150253,0.168176,0.60535,0.420586,0.610555,0.140806,0.168831,0.221143,0.232667,0.258576,0.250318,0.22707,0.207985,0.224002,0.694603,0.668086,0.578123,0.156263,0.168818,0.232105,1.03871,0.220521,0.424099,0.654371,0.520952,0.389916,0.180811,0.27098,0.151032,0.718558,0.141657,0.954425
30.5,0.124093,0.329482,0.674682,0.273365,0.461819,0.729802,0.562028,0.353006,0.896164,0.128784,0.583435,0.125282,0.51262,0.174081,0.37129,0.443842,0.200766,0.662126,0.130346,0.225392,0.647116,0.130584,0.446573,0.478935,0.623872,0.692118,0.466135,0.54584,0.616715,0.649009,0.667954,0.133456,0.611252,0.150296,0.664349,0.41656,0.407217,0.593358,0.16664,0.405319,0.652495,0.614585,0.324392,0.380024,0.529457,0.135055,0.14259,0.552553,0.427248,0.658531,0.62394,0.16879,0.708565,0.760187,0.133605,0.140116,0.121996,0.141969,0.143174,0.43598,0.161713,0.485986,0.553162,0.410334,0.150895,0.167962,0.606693,0.426401,0.609971,0.14105,0.170033,0.221049,0.231235,0.258555,0.24978,0.226635,0.208949,0.224607,0.700941,0.669163,0.580484,0.155831,0.168819,0.231638,1.0456,0.220744,0.413318,0.652714,0.516886,0.386662,0.180484,0.269433,0.150039,0.723221,0.141273,0.96686
31,0.126472,0.32601,0.67093,0.272724,0.462018,0.735622,0.56293,0.357062,0.89774,0.130901,0.582768,0.125078,0.439857,0.173388,0.370384,0.467504,0.204078,0.662731,0.129371,0.231947,0.649505,0.132,0.447256,0.481639,0.634029,0.688509,0.466897,0.546198,0.619035,0.645819,0.669461,0.133563,0.612315,0.148576,0.665163,0.427416,0.406518,0.593447,0.166419,0.404725,0.653567,0.615696,0.3229,0.380701,0.530648,0.132997,0.144347,0.553029,0.425539,0.660313,0.626102,0.16897,0.710316,0.759701,0.133783,0.140524,0.122166,0.14246,0.145765,0.436511,0.162917,0.487862,0.555102,0.410576,0.15191,0.168169,0.601757,0.434708,0.609867,0.142109,0.173232,0.222477,0.231319,0.260836,0.249599,0.226237,0.210797,0.224755,0.694809,0.667416,0.581458,0.155406,0.169376,0.232563,1.02925,0.223523,0.411093,0.653947,0.514545,0.387538,0.181178,0.273273,0.148304,0.728793,0.140891,0.963473
31.5,0.128477,0.337432,0.675159,0.272081,0.468284,0.745239,0.562777,0.356916,0.888918,0.133892,0.583863,0.125505,0.368338,0.17506,0.370309,0.483308,0.210243,0.662986,0.130608,0.238863,0.650539,0.133376,0.446553,0.484228,0.635019,0.688616,0.457023,0.55019,0.621229,0.644851,0.667269,0.13457,0.61073,0.144801,0.664913,0.439547,0.409052,0.591416,0.167695,0.405088,0.653635,0.616347,0.322428,0.381475,0.537227,0.130661,0.145575,0.548606,0.421235,0.661163,0.626602,0.169353,0.710517,0.758355,0.134043,0.141087,0.122631,0.143076,0.146962,0.435246,0.164424,0.488347,0.55365,0.408456,0.154557,0.168784,0.60586,0.442249,0.609384,0.142841,0.173702,0.223191,0.230744,0.264168,0.249383,0.225418,0.212224,0.224872,0.69668,0.665016,0.58048,0.154656,0.169056,0.232526,1.02592,0.223663,0.40923,0.650277,0.516937,0.387175,0.180465,0.260693,0.147486,0.735242,0.139602,0.968517
