Dataset,r,c1,c2
B5,0.010060431070148347,-187.70814648215088,8.87154232543538e+41
A8,-0.042968577953198785,15.673812819672282,2.257302891915937e-07
G7,0.002687029773829539,-147.95768535195586,2.291970258592953e+35
A9,0.009047683793580038,-96.22367687442706,21558829556.708817
F7,0.010913924009645574,-227.771135512988,9.298134947317932e+46
G8,0.007850673674180611,-246.2780035403972,1.7500748735469016e+35
D12,0.007201276563675528,-83.62298243367391,4.0338499154958116e+18
H12,-115.95156579114837,-2.858993858957545,7.834520829563201
E5,33.87558581477868,-1.626535208708272,4.421520669577845
B9,0.01251051721667614,-214.03487522858714,1.2278338288228864e+42
C2,0.009974921102024135,-54.01529910708305,87703356913.89076
D2,0.017576666472055764,-1420.7299491766012,2.388281680796112e+230
E3,0.012439896573657372,-502.22401794354056,1.8789271836260558e+89
B6,0.009416584026913699,-150.4592978899184,6.046187924981426e+26
"R.S.6 Alpha-D-Glucose, 0.3%_6",1.0039788558383562,-12.528162727598664,50611.684823015334
"R.S.6 D-Salicin, 0.3%_6",-0.6013100843431347,11.977535920231311,0.00018658299915942316
"R.S.6 Glycerol, 0.3%_6",0.011885668467441561,-123.02679022187058,9.43260433039718e+27
"R.S.6 L-Rhamnose, 0.3%_6",-0.012730784071448278,27.127736235307275,1.1561155451908202e-13
"R.S.6 Alpha-D-Melebiose, 0.3%_6",-0.00035967516612787567,-79.34359274407616,96015171042139.48
"R.S.6 Myo-Inositol, 0.3%_6",0.004603692823508212,-257.476395472343,1.6667581761198987e+53
"R.S.6 D-Glucosamine, 0.3%_6",-0.004139420784671223,-65.80069253664465,20973766481.347065
"R.S.6 L-Glutathione, 0.2%_6",-63.19076135916689,-2.2080595773664786,5.500545389192458
"R.S.6 D-Galactose, 0.3%_6",-14.086202114400159,-1.0307587803448175,2.682913341761441
"R.S.6 L-Histidine, 0.3%_6",0.00655419656651402,-12.394310942438482,12788.484734515736
"R.S.6 Thymidine, 0.3%_6",-163.18562318940647,-2.226679270113774,5.822259811951547
"R.S.6 Cytidine, 0.3%_6",0.001137484413282435,-49.19681856658415,24498052.415439032
"R.S.6 D-Mannose, 0.3%_6",0.20623048621560663,-60.66638640424317,3.582450898781301e+23
"R.S.6 Inosine, 0.3%_6",-0.004316783689343533,-114.41336464203346,1.011410219271067e+20
"R.S.6 L-Arabinose, 0.3%_6",0.0009454239140531042,-112.59763382776501,8.398172666473821e+18
"R.S.6 D-Ribose, 0.3%_6",0.003458436940581383,-155.1669848025585,1.3112388351204352e+37
"R.S.6 Sodium Pyruvate, 0.3%_6",-0.0062058047723750264,165.07539620463518,2.6542880163954024e-51
"R.S.6 D-Glucose-6-phosphate, 0.3%_6",2.6742429260505123,-4.232252999607833,46.245149065924906
"R.S.6 Adenosine, 0.2%_6",15.620537527499286,-1.7707900241042958,5.420665447238766
"R.S.6 Adenine, 0.2%_6",0.11370204266641641,-68.80449033355387,1.4763459677463278e+24
Alpha D Lactose_10,0.004387709221249631,-1190.8593850258826,1.9995194344183635e+189
D Galactose_10,0.04810281544033297,-1692.247444030108,-2.2901379142469555e-264
Alpha D Glucose_10,0.022752268114380973,-67446.28781630662,6.6804508270111105e-233
Adenine_10,0.062275837378549165,-82567.82443456393,-3.8955509900093114e+198
D Glucosamine_10,0.05715755182098909,-9788.372308381722,1.9458378784069997e-307
L Arginine_10,0.015049088820849363,-458.0766457372161,2.5816057954553343e+67
N- acetyl D Glucosamine_10,-81.8626303107341,-3.7060194769432973,10.619303706939693
D Mannose_10,0.0730121202478558,1238.3054594104385,2.77623672077665e-309
L Arabinose_10,0.007122680617608285,-688.791278597286,1.4877240149748102e+110
D Xylose_10,104.02541409442027,-2.179076021806662,5.892440207199192
Adenosine.1_10,0.010506968186579643,-646.3402596954558,2.497838998094199e+112
Lactate_10,-6.706076785748086,-2.004631935499254,5.050904884697899
R.S.18 D-Serine_18,0.011261046905020052,-303.74609562721054,2.784190191550471e+49
R.S.18 Histamine_18,-3.6942536511604325,-1.5607819179169675,3.769448297853414
R.S.18 Guanidine_18,0.004960566175853224,-300.99421397546797,2.612452543666538e+42
R.S.18 Sodium Succinate_18,-14.049819250414517,-1.9641295119735747,5.097991194516787
R.S.18 L-Glutathione_18,-2.237639174428615e-05,-52.03622086850021,3157255981.340083
R.S.18 L-Histidine_18,0.021662276978164308,-562.3671423325021,2.417211539165964e+113
R.S.18 Cytidine_18,-5.291422173050528,-1.1862130475135528,3.019820903583916
R.S.18 Cytosine_18,-0.0006205999062647206,15.407274694724439,2.103775376895917e-08
R.S.18 L-Arginine_18,0.011090780991358127,-47.35670239128077,1964660.4729236644
R.S.18 Sodium Pyruvate_18,0.006693809057536617,-452.19013110256356,1.1659385654344763e+80
R.S.18 D-Salicin_18,-0.01523505650570229,-33.60415917600138,47408.55037708612
R.S.18 Adenosine_18,-0.00025574945230039066,-108.72954136330537,534708684219474.4
R.S.18 Adenosine.1_18,0.018385683490048908,-115.10433792366368,1.344025653489987e+19
R.S.18 D-Fructose_18,0.1092950412993382,-48937.67897197317,-198.61403000912554
R.S.19 Glycine.1_19,28.987780861539548,-1.4710701957690786,3.9645573717721216
R.S.19 L-Pyro-Glutamate.1_19,-0.49723420505912075,-3.965146317895987,24.627121726520897
R.S.19 Thiourea_19,0.06200539800215142,246.85084227223004,6.09382595153026e-08
R.S.19 L-Glutathione_19,0.12683835027825482,10.342724515843033,0.0592154700703902
R.S.19 Histamine_19,5.85138471293268,-1.0555703760692987,2.967010538987405
R.S.19 L-Arginine_19,0.032733878331998055,-10736784.767500546,1.4175783954488643e-305
